-- Adminer 4.7.0 MySQL dump

SET NAMES utf8;
SET time_zone = '+00:00';
SET foreign_key_checks = 0;
SET sql_mode = 'NO_AUTO_VALUE_ON_ZERO';

DROP TABLE IF EXISTS `admin`;
CREATE TABLE `admin` (
  `id` int(11) NOT NULL AUTO_INCREMENT,
  `email` varchar(255) CHARACTER SET latin1 NOT NULL,
  `password` varchar(255) CHARACTER SET latin1 NOT NULL,
  PRIMARY KEY (`id`)
) ENGINE=InnoDB DEFAULT CHARSET=utf8;

INSERT INTO `admin` (`id`, `email`, `password`) VALUES
(1,	'admin@gmail.com',	'123456');

DROP TABLE IF EXISTS `apply_job`;
CREATE TABLE `apply_job` (
  `id` int(10) NOT NULL AUTO_INCREMENT,
  `artist_pub_id` text NOT NULL,
  `job_id` text NOT NULL,
  `status` int(4) NOT NULL DEFAULT '0' COMMENT '0 = pending, 1 = confirm , 2 = complete, 3 =reject ,4=delete by user 5. in process',
  `created_at` varchar(200) NOT NULL,
  `updated_at` varchar(200) NOT NULL,
  PRIMARY KEY (`id`)
) ENGINE=InnoDB DEFAULT CHARSET=latin1;

INSERT INTO `apply_job` (`id`, `artist_pub_id`, `job_id`, `status`, `created_at`, `updated_at`) VALUES
(1,	'GT73A61IK4XYK1UK',	'4ly6qiuj',	1,	'1583145864481',	'1583145864481'),
(2,	'GT73ACT6K7A43BO0',	'7ipnu880',	2,	'1583153718090',	'1583153718090'),
(3,	'GT73ACKOK6C8IMEP',	'pdrld2as',	2,	'1583155685269',	'1583155685269'),
(4,	'GT73ABWEK626VDL1',	'3h5bg946',	2,	'1583156427557',	'1583156427557'),
(5,	'GT73ABWEK626VDL1',	'2j3ztdxk',	3,	'1583156604668',	'1583156604668'),
(6,	'GT73ABWEK626VDL1',	'lqy82emb',	3,	'1583156703785',	'1583156703785'),
(7,	'GT73ABWEK626VDL1',	'6x3auzyx',	3,	'1583157416631',	'1583157416631'),
(8,	'GT73ABWEK626VDL1',	'696y5drc',	2,	'1583157892558',	'1583157892558'),
(9,	'GT73ABWEK626VDL1',	'exu6omwp',	2,	'1583160649442',	'1583160649442'),
(10,	'GT73ACT6K7A43BO0',	'p508s4vm',	2,	'1583215489055',	'1583215489055'),
(11,	'GT73A6JVK60SZTOZ',	'y30ce500',	2,	'1583215612311',	'1583215612311'),
(12,	'GT73ACT6K7A43BO0',	'5ug3xvvn',	2,	'1583221376055',	'1583221376055'),
(13,	'GT73A61IK4XYK1UK',	'8wekcf6i',	2,	'1583225752568',	'1583225752568'),
(14,	'GT73A2UHK77ET767',	'uxoghkd5',	5,	'1583225818730',	'1583225818730'),
(15,	'GT73ABWEK626VDL1',	'vb4fqakt',	3,	'1583910552427',	'1583910552427'),
(16,	'GT73ABWEK626VDL1',	'uzoixhuv',	2,	'1583910586416',	'1583910586416'),
(17,	'GT73ABWEK626VDL1',	'na3pg81x',	4,	'1583998310321',	'1583998310321'),
(18,	'GT73ACT6K7A43BO0',	'yan9fa8m',	3,	'1583998826040',	'1583998826040'),
(19,	'GT73ABWEK626VDL1',	'azvok81m',	2,	'1584020886685',	'1584020886685'),
(20,	'GT73A6JVK60SZTOZ',	'2ni83yp6',	2,	'1584352881252',	'1584352881252'),
(21,	'GT73ABWEK626VDL1',	'ln20ubq2',	0,	'1584366675627',	'1584366675627'),
(22,	'GT73ABWEK626VDL1',	'9wq98c5s',	2,	'1584366845209',	'1584366845209'),
(23,	'GT73ACKOK6C8IMEP',	'fxqgn242',	3,	'1584366955944',	'1584366955944'),
(24,	'GT73ACKOK6C8IMEP',	'lqy82emb',	0,	'1584368476938',	'1584368476938'),
(25,	'GT73ACKOK6C8IMEP',	'yan9fa8m',	0,	'1584368484272',	'1584368484272'),
(26,	'GT73ABWEK626VDL1',	'3p26bfj6',	2,	'1584426271147',	'1584426271147'),
(27,	'GT73A2UHK77ET767',	'mlv2slnr',	3,	'1584438181199',	'1584438181199'),
(28,	'GT73A2UHK77ET767',	'1i2pil6p',	1,	'1584440700666',	'1584440700666'),
(29,	'GT73AA96K78K31I9',	'fxqgn242',	0,	'1584511591031',	'1584511591031'),
(30,	'GT73AJVAK9033UAZ',	'27rzuwqy',	0,	'1586963944552',	'1586963944552'),
(31,	'GT73AJVAK9033UAZ',	'cvh21gln',	0,	'1586963997476',	'1586963997476'),
(32,	'GT73AJVAK9033UAZ',	'qhkfcsd1',	0,	'1586964001943',	'1586964001943'),
(33,	'GT73AJVAK9033UAZ',	'mlv2slnr',	0,	'1586964007077',	'1586964007077'),
(34,	'GT73AJVAK9033UAZ',	'ln20ubq2',	0,	'1586964011876',	'1586964011876'),
(35,	'GT73AJVAK9033UAZ',	'5abpo7gh',	0,	'1586964112594',	'1586964112594'),
(36,	'GT73AJVAK9033UAZ',	's9nw7p77',	0,	'1586964115314',	'1586964115314'),
(37,	'GT73AJVAK9033UAZ',	'fxqgn242',	0,	'1586964117744',	'1586964117744'),
(38,	'GT73AJVAK9033UAZ',	'yan9fa8m',	0,	'1586964120424',	'1586964120424'),
(39,	'GT73AJVAK9033UAZ',	'vb4fqakt',	0,	'1586964122964',	'1586964122964'),
(40,	'GT73AJVAK9033UAZ',	'tkkwlorp',	0,	'1586964125484',	'1586964125484'),
(41,	'GT73AJVAK900ZN5D',	'us120mou',	1,	'1586964225425',	'1586964225425'),
(42,	'GT73A2UHK77ET767',	'zgewwmsw',	1,	'1586964393175',	'1586964393175'),
(43,	'GT73ACT6K7A43BO0',	'16pwa2wd',	1,	'1587113323946',	'1587113323946');

DROP TABLE IF EXISTS `booking_invoice`;
CREATE TABLE `booking_invoice` (
  `id` int(10) NOT NULL AUTO_INCREMENT,
  `artist_pub_id` varchar(100) NOT NULL,
  `invoice_id` varchar(100) NOT NULL,
  `user_pub_id` int(10) NOT NULL DEFAULT '0',
  `coupon_code` varchar(20) NOT NULL DEFAULT '[]',
  `payment_status` varchar(20) NOT NULL DEFAULT '2' COMMENT '1.success 2.no-action 3.fail',
  `final_amount` double NOT NULL DEFAULT '0',
  `flag` tinyint(4) NOT NULL DEFAULT '0' COMMENT '0.pending 1.paid',
  `created_at` varchar(255) NOT NULL,
  `updated_at` varchar(255) NOT NULL,
  `payment_type` tinyint(11) NOT NULL DEFAULT '2' COMMENT '1.case 2.wallet 0.Online',
  `discount_type` tinyint(11) NOT NULL DEFAULT '2' COMMENT '1.parcentage 2.flat',
  `discount_amount` double NOT NULL DEFAULT '0',
  `job_id` varchar(100) NOT NULL,
  PRIMARY KEY (`id`),
  KEY `user_pub_id` (`user_pub_id`),
  CONSTRAINT `booking_invoice_ibfk_1` FOREIGN KEY (`user_pub_id`) REFERENCES `user` (`user_id`)
) ENGINE=InnoDB DEFAULT CHARSET=latin1;


DROP TABLE IF EXISTS `booking_invoice1`;
CREATE TABLE `booking_invoice1` (
  `id` int(10) NOT NULL AUTO_INCREMENT,
  `user_pub_id` varchar(100) NOT NULL,
  `artist_pub_id` varchar(100) NOT NULL,
  `payment_status` int(4) NOT NULL DEFAULT '2' COMMENT '0.fail 1 success 2.no action',
  `final_amount` double NOT NULL DEFAULT '0',
  `status` int(4) NOT NULL DEFAULT '0' COMMENT '0 pending 1.paid',
  `updated_at` varchar(255) NOT NULL,
  `created_at` varchar(255) NOT NULL,
  `payment_type` int(4) NOT NULL DEFAULT '1' COMMENT '1.case 2.wallet 0.Online',
  `job_id` varchar(200) NOT NULL,
  `invoice_id` varchar(200) NOT NULL,
  `coupon_id` int(11) NOT NULL DEFAULT '0',
  `net_amount` double NOT NULL,
  PRIMARY KEY (`id`)
) ENGINE=InnoDB DEFAULT CHARSET=latin1;

INSERT INTO `booking_invoice1` (`id`, `user_pub_id`, `artist_pub_id`, `payment_status`, `final_amount`, `status`, `updated_at`, `created_at`, `payment_type`, `job_id`, `invoice_id`, `coupon_id`, `net_amount`) VALUES
(1,	'GT73AFOSK6RHGLGC',	'GT73ACT6K7A43BO0',	2,	100,	0,	'1583153764217',	'1583153764217',	1,	'7ipnu880',	'8Y57P2KH',	0,	0),
(2,	'GT73AFOSK6RHGLGC',	'GT73ABWEK626VDL1',	2,	100,	0,	'1583157936362',	'1583157936362',	1,	'3h5bg946',	'FWULK5ME',	0,	0),
(3,	'GT73AFOSK6RHGLGC',	'GT73ABWEK626VDL1',	2,	200,	1,	'1583218737905',	'1583218737905',	1,	'696y5drc',	'64FM5VO0',	2,	146),
(5,	'GT73ACT6K7A43BO0',	'GT73ACKOK6C8IMEP',	2,	400,	1,	'1583909562801',	'1583909562801',	1,	'pdrld2as',	'8VSIRVGC',	0,	0),
(6,	'GT73ACT6K7A43BO0',	'GT73ABWEK626VDL1',	2,	100,	1,	'1583910629696',	'1583910629696',	1,	'uzoixhuv',	'TJ4LTPWW',	0,	0),
(7,	'GT73AFOSK6RHGLGC',	'GT73ACT6K7A43BO0',	2,	200,	1,	'1583911007087',	'1583911007087',	1,	'p508s4vm',	'COTOCT3D',	0,	0),
(8,	'GT73AFOSK6RHGLGC',	'GT73ABWEK626VDL1',	2,	200,	1,	'1583997851859',	'1583997851859',	1,	'exu6omwp',	'MOEXQMCS',	0,	0),
(9,	'GT73ACT6K7A43BO0',	'GT73ABWEK626VDL1',	2,	10,	1,	'1584350152560',	'1584350152560',	1,	'azvok81m',	'3WPH959V',	0,	0),
(10,	'GT73ACKOK6C8IMEP',	'GT73A6JVK60SZTOZ',	2,	8,	1,	'1584352699544',	'1584352699543',	1,	'y30ce500',	'B9NC16WN',	0,	0),
(11,	'GT73ACKOK6C8IMEP',	'GT73A6JVK60SZTOZ',	2,	5,	1,	'1584353332515',	'1584353332515',	1,	'2ni83yp6',	'D5YCAQRC',	0,	0),
(12,	'GT73ACKOK6C8IMEP',	'GT73ABWEK626VDL1',	2,	15,	1,	'1584426359659',	'1584426359659',	1,	'3p26bfj6',	'P25ZOOLL',	0,	0),
(13,	'GT73ACT6K7A43BO0',	'GT73A61IK4XYK1UK',	2,	68,	1,	'1585379030493',	'1585379030493',	1,	'8wekcf6i',	'5B2BID0K',	0,	0),
(14,	'GT73ACKOK6C8IMEP',	'GT73ABWEK626VDL1',	2,	100,	1,	'1585722295876',	'1585722295876',	1,	'9wq98c5s',	'M2XD6MVS',	0,	0);

DROP TABLE IF EXISTS `categories`;
CREATE TABLE `categories` (
  `id` int(100) NOT NULL AUTO_INCREMENT,
  `cat_name` varchar(100) CHARACTER SET utf8 NOT NULL,
  `price` varchar(200) NOT NULL,
  `image` varchar(255) NOT NULL DEFAULT 'NA' COMMENT 'img url',
  `status` int(1) NOT NULL DEFAULT '1' COMMENT '1 active ,2 deactive',
  `created_at` varchar(200) NOT NULL,
  `updated_at` varchar(200) NOT NULL,
  PRIMARY KEY (`id`)
) ENGINE=InnoDB DEFAULT CHARSET=latin1;

INSERT INTO `categories` (`id`, `cat_name`, `price`, `image`, `status`, `created_at`, `updated_at`) VALUES
(1,	'Fashion Designer',	'20',	'fannan2/images/image-1585922831605.png',	1,	'1555658391673',	'1555658391673'),
(2,	'Wedding Planner',	'300',	'fannan2/images/image-1585922961865.png',	1,	'1555658391673',	'1555658391673'),
(3,	'Florist',	'400',	'fannan2/images/image-1585923013978.png',	1,	'1555658391673',	'1555658391673'),
(4,	'Hairstylist',	'',	'fannan2/images/image-1585923074700.png',	1,	'',	''),
(5,	'Makeup Artist',	'',	'fannan2/images/image-1585928582258.png',	1,	'',	''),
(6,	'Photographer',	'',	'fannan2/images/image-1585923225390.png',	1,	'',	''),
(10,	'Cameraman',	'',	'fannan2/images/image-1585928904865.png',	1,	'',	''),
(11,	'Films Director',	'',	'fannan2/images/image-1585923728534.png',	1,	'',	''),
(12,	'Graphic Designer',	'',	'fannan2/images/image-1585923862294.png',	1,	'',	''),
(13,	'Video Producer',	'',	'fannan2/images/image-1585931136303.png',	1,	'',	''),
(14,	'Concert',	'',	'fannan2/images/image-1585924145610.png',	1,	'',	''),
(15,	'Decorator',	'',	'fannan2/images/image-1585924220230.png',	1,	'',	''),
(16,	'Painter',	'',	'fannan2/images/image-1585924276890.png',	1,	'',	''),
(17,	'Barber',	'',	'fannan2/images/image-1585928732262.png',	1,	'',	''),
(18,	'Software Developer',	'',	'fannan2/images/image-1585929102599.png',	1,	'',	''),
(19,	'Data Scientist',	'',	'fannan2/images/image-1585929239501.png',	1,	'',	''),
(20,	'IT Technician',	'',	'fannan2/images/image-1585930617832.png',	1,	'',	''),
(21,	'Mobile Technician',	'',	'fannan2/images/image-1585930646670.png',	1,	'',	''),
(22,	'DJ Sound Engineer',	'',	'fannan2/images/image-1585930807901.png',	1,	'',	''),
(23,	'Audio Producer',	'',	'fannan2/images/image-1585931101829.png',	1,	'',	''),
(24,	'Digital Marketer',	'',	'fannan2/images/image-1587147166190.png',	1,	'',	''),
(25,	'Salesman',	'',	'fannan2/images/image-1586882413754.png',	1,	'',	''),
(26,	'Accountant',	'',	'fannan2/images/image-1586882452667.png',	1,	'',	''),
(27,	'Consultant',	'',	'fannan2/images/image-1586882474163.png',	1,	'',	''),
(28,	'Writer',	'',	'fannan2/images/image-1586882516585.png',	1,	'',	''),
(29,	'Teacher',	'',	'fannan2/images/image-1586882542469.png',	1,	'',	'');

DROP TABLE IF EXISTS `chat`;
CREATE TABLE `chat` (
  `id` int(11) NOT NULL AUTO_INCREMENT,
  `message` varchar(2555) CHARACTER SET utf8 NOT NULL,
  `user_pub_id` varchar(100) NOT NULL,
  `artist_pub_id` varchar(100) NOT NULL,
  `send_at` varchar(100) NOT NULL,
  `chat_type` tinyint(4) NOT NULL DEFAULT '1' COMMENT '1. text 2.image',
  `is_read_user` tinyint(4) NOT NULL DEFAULT '0' COMMENT '0. Not Read 1. Read',
  `is_read_artist` tinyint(4) NOT NULL DEFAULT '0' COMMENT '0. Not Read 1. Read',
  `image` varchar(255) NOT NULL,
  PRIMARY KEY (`id`)
) ENGINE=InnoDB DEFAULT CHARSET=latin1;

INSERT INTO `chat` (`id`, `message`, `user_pub_id`, `artist_pub_id`, `send_at`, `chat_type`, `is_read_user`, `is_read_artist`, `image`) VALUES
(1,	'Hello%20how%20are%20you???',	'GT73ABWEK626VDL1',	'GT73ACT6K7A43BO0',	'1583739464450',	1,	0,	0,	''),
(2,	'%F0%9F%98%89%F0%9F%98%89%F0%9F%98%89%F0%9F%98%89',	'GT73ABWEK626VDL1',	'GT73ACT6K7A43BO0',	'1583739482201',	1,	0,	0,	''),
(3,	'I%20just%20got%20to%20the%20point%20where%20I%E2%80%99m%20going%20back%20and%20forth%20with%20my%20mom%20for%20a%20while%20but%20she%20is%20not%20there%20yet%20so%20I%E2%80%99ll%20be%20home%20in%20about%20an%20hour%20or%20two%20if%20you%E2%80%99re%20still%20up%20%F0%9F%98%84%F0%9F%98%84%F0%9F%98%84%F0%9F%98%84%F0%9F%98%84%F0%9F%98%84%F0%9F%98%84',	'GT73ABWEK626VDL1',	'GT73ACT6K7A43BO0',	'1583739530833',	1,	0,	0,	''),
(4,	'Hiii',	'GT73ABWEK626VDL1',	'GT73ACT6K7A43BO0',	'1583910659685',	1,	0,	0,	''),
(5,	'123',	'GT73ABWEK626VDL1',	'GT73ACT6K7A43BO0',	'1583910710638',	1,	0,	0,	''),
(6,	'Hui',	'GT73ACT6K7A43BO0',	'GT73ABWEK626VDL1',	'1583910753520',	1,	0,	0,	''),
(7,	'123',	'GT73ABWEK626VDL1',	'GT73ACT6K7A43BO0',	'1583910759019',	1,	0,	0,	''),
(8,	'123',	'GT73ABWEK626VDL1',	'GT73ACT6K7A43BO0',	'1583910780359',	1,	0,	0,	''),
(9,	'Asdf%20',	'GT73ABWEK626VDL1',	'GT73ACT6K7A43BO0',	'1583910832416',	1,	0,	0,	''),
(10,	'Adsf%20',	'GT73ABWEK626VDL1',	'GT73ACT6K7A43BO0',	'1583910875673',	1,	0,	0,	''),
(11,	'As%20df',	'GT73ABWEK626VDL1',	'GT73ACT6K7A43BO0',	'1583910896926',	1,	0,	0,	''),
(12,	'Asdf%20asdf%20',	'GT73ABWEK626VDL1',	'GT73ACT6K7A43BO0',	'1583910927619',	1,	0,	0,	''),
(13,	'Asdfasdfadsf%20',	'GT73ABWEK626VDL1',	'GT73ACT6K7A43BO0',	'1583910941059',	1,	0,	0,	''),
(14,	'A%20dfs',	'GT73ABWEK626VDL1',	'GT73ACT6K7A43BO0',	'1583910955089',	1,	0,	0,	''),
(15,	'Asdf%20asdf%20',	'GT73ABWEK626VDL1',	'GT73ACT6K7A43BO0',	'1583911032657',	1,	0,	0,	''),
(16,	'S%20dfg',	'GT73ABWEK626VDL1',	'GT73ACT6K7A43BO0',	'1583911040490',	1,	0,	0,	''),
(17,	'Asdf%20',	'GT73ABWEK626VDL1',	'GT73ACT6K7A43BO0',	'1583911046369',	1,	0,	0,	''),
(18,	'Hi',	'GT73ABWEK626VDL1',	'GT73ACT6K7A43BO0',	'1583998564575',	1,	0,	0,	''),
(19,	'Hdfshd',	'GT73ABWEK626VDL1',	'GT73ACT6K7A43BO0',	'1583998647532',	1,	0,	0,	''),
(20,	'Hello',	'GT73ACT6K7A43BO0',	'GT73ABWEK626VDL1',	'1583998655051',	1,	0,	0,	''),
(21,	'How%20are%20you',	'GT73ACT6K7A43BO0',	'GT73ABWEK626VDL1',	'1583998668026',	1,	0,	0,	''),
(22,	'This%20is%20my%20QR%20Code%20please%20scan%20to%20create%20job%20for%20me',	'GT73ACT6K7A43BO0',	'GT73ABWEK626VDL1',	'1583998733885',	2,	0,	0,	'http://3.15.21.186/fannan2/chat_media/image-1583998733656.png'),
(23,	'%F0%9F%98%AA%F0%9F%98%AA%F0%9F%98%AA%F0%9F%98%AA%F0%9F%98%AA',	'GT73ACT6K7A43BO0',	'GT73ABWEK626VDL1',	'1584010262458',	1,	0,	0,	''),
(24,	'%F0%9F%A5%8A%F0%9F%A5%8A%F0%9F%A5%8A%F0%9F%A5%8A%F0%9F%A5%8A%F0%9F%A5%8A%F0%9F%A5%8A%F0%9F%A5%8A%F0%9F%A5%8A%F0%9F%A5%8A%F0%9F%A5%8A%F0%9F%A5%8A',	'GT73ACT6K7A43BO0',	'GT73ABWEK626VDL1',	'1584010288749',	1,	0,	0,	''),
(25,	'Hello%20hello%20I%20am%20a%20great%20work%20and%20I%20am%20a%20great%20work%20and%20I%20am%20a%20great%20work%20and%20I%20am%20a%20great%20work%20and%20I%20am%20a%20great%20work%20and%20I%20am%20a%20great%20work%20and%20I%20am%20a%20great%20work%20and%20I%20am%20a%20great%20work%20and%20I%20am%20a%20great%20work%20and%20I%20am%20a%20',	'GT73ACT6K7A43BO0',	'GT73ABWEK626VDL1',	'1584010340425',	1,	0,	0,	''),
(26,	'%0A%20%D9%8A%D9%83%D8%B4%D8%B4%D8%B4%D8%B3%D8%B3%D8%B3%D8%B3%D8%B3%D8%B3%D8%B3%D8%B3%D8%B3.%20%20Fgdfhjliytreeeeeewwwwwwwwwwwwwwwwwwwq',	'GT73ACT6K7A43BO0',	'GT73ABWEK626VDL1',	'1584018946638',	1,	0,	0,	''),
(27,	'%F0%9F%A5%B0%F0%9F%A5%B0%F0%9F%A5%B0%F0%9F%A5%B0%F0%9F%A5%B0',	'GT73ACT6K7A43BO0',	'GT73ABWEK626VDL1',	'1584092942631',	1,	0,	0,	''),
(28,	'Hisnd',	'GT73A2UHK77ET767',	'GT73ABWEK626VDL1',	'1584363733255',	1,	0,	0,	''),
(29,	'Facebook',	'GT73A2UHK77ET767',	'GT73ABWEK626VDL1',	'1584363768364',	1,	0,	0,	''),
(30,	'Hello',	'GT73ACKOK6C8IMEP',	'GT73ABWEK626VDL1',	'1584364477208',	1,	0,	0,	''),
(31,	'Cubical+kvk+nvidia',	'GT73ACKOK6C8IMEP',	'GT73ABWEK626VDL1',	'1584364522608',	1,	0,	0,	''),
(32,	'%D8%A8%D8%A8%D9%81%D8%AF%D8%AF%D8%B1%D8%AA%D9%86',	'GT73ABWEK626VDL1',	'GT73ACKOK6C8IMEP',	'1584364560280',	1,	0,	0,	''),
(33,	'Ggdfgh',	'GT73ACKOK6C8IMEP',	'GT73ABWEK626VDL1',	'1584364571069',	1,	0,	0,	''),
(34,	'Mn+nbzgdvvxvdgddbd',	'GT73ACKOK6C8IMEP',	'GT73ABWEK626VDL1',	'1584364596344',	1,	0,	0,	''),
(35,	'',	'GT73ACKOK6C8IMEP',	'GT73ABWEK626VDL1',	'1584365069351',	1,	0,	0,	''),
(36,	'',	'GT73ACKOK6C8IMEP',	'GT73ABWEK626VDL1',	'1584365069911',	1,	0,	0,	''),
(37,	'',	'GT73ACKOK6C8IMEP',	'GT73ABWEK626VDL1',	'1584365069992',	1,	0,	0,	''),
(38,	'',	'GT73ACKOK6C8IMEP',	'GT73ABWEK626VDL1',	'1584365070183',	1,	0,	0,	''),
(39,	'',	'GT73ACKOK6C8IMEP',	'GT73ABWEK626VDL1',	'1584365070522',	1,	0,	0,	''),
(40,	'',	'GT73ACKOK6C8IMEP',	'GT73ABWEK626VDL1',	'1584365070770',	1,	0,	0,	''),
(41,	'',	'GT73ACKOK6C8IMEP',	'GT73ABWEK626VDL1',	'1584365072091',	1,	0,	0,	''),
(42,	'',	'GT73ACKOK6C8IMEP',	'GT73ABWEK626VDL1',	'1584365072319',	1,	0,	0,	''),
(43,	'',	'GT73ACKOK6C8IMEP',	'GT73ABWEK626VDL1',	'1584365072465',	1,	0,	0,	''),
(44,	'',	'GT73ACKOK6C8IMEP',	'GT73ABWEK626VDL1',	'1584365072683',	1,	0,	0,	''),
(45,	'',	'GT73ACKOK6C8IMEP',	'GT73ABWEK626VDL1',	'1584365072842',	1,	0,	0,	''),
(46,	'',	'GT73ACKOK6C8IMEP',	'GT73ABWEK626VDL1',	'1584365073187',	1,	0,	0,	''),
(47,	'',	'GT73ACKOK6C8IMEP',	'GT73ABWEK626VDL1',	'1584365073250',	1,	0,	0,	''),
(48,	'',	'GT73ACKOK6C8IMEP',	'GT73ABWEK626VDL1',	'1584365073459',	1,	0,	0,	''),
(49,	'',	'GT73ACKOK6C8IMEP',	'GT73ABWEK626VDL1',	'1584365073554',	1,	0,	0,	''),
(50,	'',	'GT73ACKOK6C8IMEP',	'GT73ABWEK626VDL1',	'1584365074035',	1,	0,	0,	''),
(51,	'',	'GT73ACKOK6C8IMEP',	'GT73ABWEK626VDL1',	'1584366166133',	1,	0,	0,	''),
(52,	'',	'GT73ACKOK6C8IMEP',	'GT73ABWEK626VDL1',	'1584366166599',	1,	0,	0,	''),
(53,	'',	'GT73ACKOK6C8IMEP',	'GT73ABWEK626VDL1',	'1584366166616',	1,	0,	0,	''),
(54,	'',	'GT73ACKOK6C8IMEP',	'GT73ABWEK626VDL1',	'1584366167063',	1,	0,	0,	''),
(55,	'',	'GT73ACKOK6C8IMEP',	'GT73ABWEK626VDL1',	'1584366167071',	1,	0,	0,	''),
(56,	'',	'GT73ACKOK6C8IMEP',	'GT73ABWEK626VDL1',	'1584366167356',	1,	0,	0,	''),
(57,	'',	'GT73ACKOK6C8IMEP',	'GT73ABWEK626VDL1',	'1584366167360',	1,	0,	0,	''),
(58,	'',	'GT73ACKOK6C8IMEP',	'GT73ABWEK626VDL1',	'1584366167766',	1,	0,	0,	''),
(59,	'',	'GT73ACKOK6C8IMEP',	'GT73ABWEK626VDL1',	'1584422756907',	1,	0,	0,	''),
(60,	'',	'GT73ACKOK6C8IMEP',	'GT73ABWEK626VDL1',	'1584422757120',	1,	0,	0,	''),
(61,	'',	'GT73ACKOK6C8IMEP',	'GT73ABWEK626VDL1',	'1584422757241',	1,	0,	0,	''),
(62,	'',	'GT73ACKOK6C8IMEP',	'GT73ABWEK626VDL1',	'1584422757500',	1,	0,	0,	''),
(63,	'%F0%9F%A4%94%F0%9F%A4%94%F0%9F%A4%94%F0%9F%A4%94',	'GT73AA96K78K31I9',	'GT73ACT6K7A43BO0',	'1584427450064',	1,	0,	0,	''),
(64,	'',	'GT73ACKOK6C8IMEP',	'GT73ABWEK626VDL1',	'1584428585548',	1,	0,	0,	''),
(65,	'',	'GT73ACKOK6C8IMEP',	'GT73ABWEK626VDL1',	'1584428587289',	1,	0,	0,	''),
(66,	'',	'GT73ACKOK6C8IMEP',	'GT73ABWEK626VDL1',	'1584428587978',	1,	0,	0,	''),
(67,	'',	'GT73ACKOK6C8IMEP',	'GT73ABWEK626VDL1',	'1584428588183',	1,	0,	0,	''),
(68,	'',	'GT73A2UHK77ET767',	'GT73ACKOK6C8IMEP',	'1584435517758',	1,	0,	0,	''),
(69,	'',	'GT73A2UHK77ET767',	'GT73ACKOK6C8IMEP',	'1584435519888',	1,	0,	0,	''),
(70,	'',	'GT73A2UHK77ET767',	'GT73ACKOK6C8IMEP',	'1584435520111',	1,	0,	0,	''),
(71,	'',	'GT73A2UHK77ET767',	'GT73ACKOK6C8IMEP',	'1584435520348',	1,	0,	0,	''),
(72,	'',	'GT73A2UHK77ET767',	'GT73ACKOK6C8IMEP',	'1584435520531',	1,	0,	0,	''),
(73,	'',	'GT73A2UHK77ET767',	'GT73ACKOK6C8IMEP',	'1584435520705',	1,	0,	0,	''),
(74,	'Hello',	'GT73A2UHK77ET767',	'GT73ACKOK6C8IMEP',	'1584436487499',	1,	0,	0,	''),
(75,	'%2F%2F',	'GT73ACKOK6C8IMEP',	'GT73ABWEK626VDL1',	'1584437994173',	1,	0,	0,	''),
(76,	'Bzjdkvnzvxg',	'GT73ACKOK6C8IMEP',	'GT73ABWEK626VDL1',	'1584450334762',	1,	0,	0,	''),
(77,	'Nahin+tu+kahin%F0%9F%98%8D%F0%9F%98%8D%F0%9F%98%8D%F0%9F%98%8D%F0%9F%98%97%F0%9F%98%8D%F0%9F%98%97%F0%9F%98%8D',	'GT73ACKOK6C8IMEP',	'GT73ABWEK626VDL1',	'1584508188520',	1,	0,	0,	''),
(78,	'Fyfg',	'GT73ACKOK6C8IMEP',	'GT73ABWEK626VDL1',	'1584508197797',	1,	0,	0,	''),
(79,	'Kan%20fhkljadhs%20fkljhadjkl%20chalked%20hakljsdfh%20jklsdhf%20jklsdhf%20ahsdfl%20jkahdsfljk%20had%20lijk%20hadfjklh%20a%20jklsdhf%20jklsdhf%20jklahdfjkl%20ahdfjkl%20ahdsjklf%20has%20jklsdhf%20a%20jklsdhf%20a%20jklsdhf%20ljkadfh',	'GT73ACKOK6C8IMEP',	'GT73ABWEK626VDL1',	'1584529729936',	1,	0,	0,	''),
(80,	'%F0%9F%98%86%F0%9F%98%86%F0%9F%98%86%F0%9F%98%86%F0%9F%98%86%F0%9F%98%86%F0%9F%98%86%F0%9F%98%81%F0%9F%98%81%F0%9F%98%86%F0%9F%98%86',	'GT73ABWEK626VDL1',	'GT73ACT6K7A43BO0',	'1584617758756',	1,	0,	0,	''),
(81,	'Gggg',	'GT73ACKOK6C8IMEP',	'GT73ABWEK626VDL1',	'1584704114627',	1,	0,	0,	''),
(82,	'Hv+hh',	'GT73ACKOK6C8IMEP',	'GT73ABWEK626VDL1',	'1584704233367',	1,	0,	0,	''),
(83,	'Hi+this+is+Mostafa',	'GT73AJHCK778SY9L',	'GT73ABWEK626VDL1',	'1585321575461',	1,	0,	0,	''),
(84,	'I+am+testing+the+app',	'GT73AJHCK778SY9L',	'GT73ABWEK626VDL1',	'1585321632871',	1,	0,	0,	''),
(85,	'Hello%20again%20',	'GT73AJHCK778SY9L',	'GT73ABWEK626VDL1',	'1585810126541',	1,	0,	0,	''),
(86,	'',	'GT73AJHCK778SY9L',	'GT73ABWEK626VDL1',	'1585810172881',	2,	0,	0,	'http://3.15.21.186/fannan2/chat_media/image-1585810167104.png'),
(87,	'%F0%9F%98%86%F0%9F%98%86%F0%9F%98%86%F0%9F%98%86%F0%9F%98%86',	'GT73ABWEK626VDL1',	'GT73ACKOK6C8IMEP',	'1586590133121',	1,	0,	0,	''),
(88,	'Hello',	'GT73ABWEK626VDL1',	'GT73AJHCK778SY9L',	'1586847767074',	1,	0,	0,	''),
(89,	'F',	'GT73ABWEK626VDL1',	'GT73A2UHK77ET767',	'1586850467359',	1,	0,	0,	''),
(90,	'%F0%9F%98%8E%F0%9F%98%8E%F0%9F%98%8E%F0%9F%98%8E',	'GT73ABWEK626VDL1',	'GT73A2UHK77ET767',	'1586850471778',	1,	0,	0,	''),
(91,	'Hi%20%F0%9F%91%8B',	'GT73AJHCK778SY9L',	'GT73ABWEK626VDL1',	'1586851351249',	1,	0,	0,	''),
(92,	'Asdf%20asf%20ads%20',	'GT73ACKOK6C8IMEP',	'GT73ABWEK626VDL1',	'1587476526438',	1,	0,	0,	'');

DROP TABLE IF EXISTS `coupon`;
CREATE TABLE `coupon` (
  `id` int(11) NOT NULL AUTO_INCREMENT,
  `coupon_code` varchar(200) NOT NULL,
  `description` text CHARACTER SET utf8 NOT NULL,
  `discount_type` int(12) NOT NULL COMMENT '1.percentage 2.flat cost',
  `discount` varchar(10) NOT NULL,
  `status` int(5) NOT NULL DEFAULT '0' COMMENT '0.Draft,1.published,2.unpublished,3.expired,',
  `updated_at` varchar(255) NOT NULL,
  `created_at` varchar(255) NOT NULL,
  `counter` int(10) NOT NULL DEFAULT '0',
  `coupon_type` varchar(255) NOT NULL DEFAULT '0' COMMENT '0. public 1. private',
  PRIMARY KEY (`id`)
) ENGINE=InnoDB DEFAULT CHARSET=latin1;

INSERT INTO `coupon` (`id`, `coupon_code`, `description`, `discount_type`, `discount`, `status`, `updated_at`, `created_at`, `counter`, `coupon_type`) VALUES
(1,	'FLAT50',	'fiiojs',	2,	'10',	2,	'1577105374699',	'1577105374699',	6,	'0'),
(2,	'PERCENT50',	'fiiojs',	1,	'27',	2,	'1577105374699',	'1577105374699',	4,	'0'),
(3,	'PERCENT80',	'fiiojs',	1,	'80',	2,	'1577105374699',	'1577105374699',	8,	'0'),
(4,	'FLAT200',	'fiiojs',	2,	'200',	2,	'1577105374699',	'1577105374699',	9,	'0');

DROP TABLE IF EXISTS `currency_setting`;
CREATE TABLE `currency_setting` (
  `id` int(10) NOT NULL AUTO_INCREMENT,
  `currency_symbol` varchar(50) NOT NULL,
  `currency_name` varchar(50) NOT NULL,
  `code` varchar(50) NOT NULL,
  `country_code` varchar(100) NOT NULL,
  `status` int(5) NOT NULL COMMENT '0 Active 2.deactive',
  PRIMARY KEY (`id`)
) ENGINE=InnoDB DEFAULT CHARSET=latin1;

INSERT INTO `currency_setting` (`id`, `currency_symbol`, `currency_name`, `code`, `country_code`, `status`) VALUES
(1,	'KWD',	'USD',	'USD',	'0',	1);

DROP TABLE IF EXISTS `favourite`;
CREATE TABLE `favourite` (
  `fav_id` int(11) NOT NULL AUTO_INCREMENT,
  `user_pub_id` varchar(25) NOT NULL,
  `target_id` varchar(255) NOT NULL,
  `fav_type` int(11) NOT NULL DEFAULT '0' COMMENT '0.job_id,1.user_pub_id',
  `status` int(11) NOT NULL DEFAULT '1' COMMENT '1.fav,0.unFav',
  `created_at` varchar(255) NOT NULL,
  `updated_at` varchar(255) NOT NULL,
  PRIMARY KEY (`fav_id`)
) ENGINE=InnoDB DEFAULT CHARSET=latin1;

INSERT INTO `favourite` (`fav_id`, `user_pub_id`, `target_id`, `fav_type`, `status`, `created_at`, `updated_at`) VALUES
(1,	'GT73ABWEK626VDL1',	'y30ce500',	0,	1,	'1583244697189',	'1583244697189'),
(2,	'GT73ACT6K7A43BO0',	'6x3auzyx',	0,	0,	'1583910620665',	'1583910620665'),
(3,	'GT73ACT6K7A43BO0',	'2j3ztdxk',	0,	1,	'1583911119068',	'1583911119068'),
(4,	'GT73ACT6K7A43BO0',	'lqy82emb',	0,	1,	'1583911122181',	'1583911122181'),
(5,	'GT73ABWEK626VDL1',	'na3pg81x',	0,	1,	'1583911999697',	'1583911999697'),
(6,	'GT73ABWEK626VDL1',	'o1pc0lw9',	0,	0,	'1583936831732',	'1583936831732'),
(7,	'GT73A2UHK77ET767',	'lqy82emb',	0,	0,	'1583998452773',	'1583998452773'),
(8,	'GT73A2UHK77ET767',	'2j3ztdxk',	0,	0,	'1583998558388',	'1583998558388'),
(9,	'GT73ACT6K7A43BO0',	'o1pc0lw9',	0,	1,	'1584020463214',	'1584020463214'),
(10,	'GT73ACT6K7A43BO0',	'tkkwlorp',	0,	0,	'1584092906953',	'1584092906953'),
(11,	'GT73ACKOK6C8IMEP',	'yan9fa8m',	0,	1,	'1584360082287',	'1584360082287'),
(12,	'GT73ACKOK6C8IMEP',	'o1pc0lw9',	0,	0,	'1584421688151',	'1584421688151'),
(13,	'GT73AA96K78K31I9',	'vb4fqakt',	0,	1,	'1584425729394',	'1584425729394'),
(14,	'GT73A2UHK77ET767',	'1i2pil6p',	0,	1,	'1584439832231',	'1584439832231'),
(15,	'GT73AA96K78K31I9',	'mlv2slnr',	0,	1,	'1584624933055',	'1584624933055'),
(16,	'GT73AA96K78K31I9',	's9nw7p77',	0,	1,	'1584624934744',	'1584624934744'),
(17,	'GT73AA96K78K31I9',	'2j3ztdxk',	0,	1,	'1584624948704',	'1584624948704'),
(18,	'GT73AA96K78K31I9',	'lqy82emb',	0,	1,	'1584624950313',	'1584624950313'),
(19,	'GT73ABWEK626VDL1',	's9nw7p77',	0,	0,	'1584714764707',	'1584714764707'),
(20,	'GT73A61IK4XYK1UK',	'qhkfcsd1',	0,	0,	'1585389633920',	'1585389633920'),
(21,	'GT73ACKOK6C8IMEP',	's9nw7p77',	0,	0,	'1585389666877',	'1585389666877'),
(22,	'GT73A61IK4XYK1UK',	'cvh21gln',	0,	1,	'1585390598021',	'1585390598021'),
(23,	'GT73ABWEK626VDL1',	'qhkfcsd1',	0,	0,	'1586590069298',	'1586590069298');

DROP TABLE IF EXISTS `gallery`;
CREATE TABLE `gallery` (
  `id` int(4) NOT NULL AUTO_INCREMENT,
  `user_pub_id` text NOT NULL,
  `image` varchar(255) NOT NULL,
  `created_at` varchar(200) NOT NULL,
  `updated_at` varchar(200) NOT NULL,
  PRIMARY KEY (`id`)
) ENGINE=InnoDB DEFAULT CHARSET=latin1;

INSERT INTO `gallery` (`id`, `user_pub_id`, `image`, `created_at`, `updated_at`) VALUES
(8,	'DNHX4DORK45C9S9K',	'fannan2/images/image-1579088952148.png',	'1579088953813',	'1579088953813'),
(9,	'DNHX4DORK45C9S9K',	'fannan2/images/image-1579088960745.png',	'1579088962400',	'1579088962400'),
(10,	'DNHX4DORK45C9S9K',	'fannan2/images/image-1579088968958.png',	'1579088970860',	'1579088970860'),
(11,	'DNHX4DORK45C9S9K',	'fannan2/images/image-1579088975424.png',	'1579088975699',	'1579088975699'),
(12,	'DNHX4DORK45C9S9K',	'fannan2/images/image-1579088982188.png',	'1579088983900',	'1579088983900'),
(13,	'DNHX4DORK45C9S9K',	'fannan2/images/image-1579088989760.png',	'1579088991426',	'1579088991426'),
(14,	'DNHX4DORK45C9S9K',	'fannan2/images/image-1579088996609.png',	'1579088997469',	'1579088997469'),
(15,	'DNHX4DORK45C9S9K',	'fannan2/images/image-1579089009437.png',	'1579089011297',	'1579089011297'),
(16,	'GT73ANOUK5DVOPCM',	'fannan2/images/image-1579259272923.jpg',	'1579259277864',	'1579259277864'),
(17,	'DNHX4DORK45C9S9K',	'fannan2/images/image-1579516707116.png',	'1579516708798',	'1579516708798'),
(18,	'DNHX4DORK45C9S9K',	'fannan2/images/image-1579587543434.png',	'1579587545674',	'1579587545674'),
(19,	'GT73AF5CK66E3K1T',	'fannan2/images/image-1580816070882.png',	'1580816071848',	'1580816071848'),
(22,	'GT73ABWEK626VDL1',	'fannan2/images/image-1581498891381.png',	'1581498892759',	'1581498892759'),
(23,	'GT73A8HDK6201YOO',	'fannan2/images/image-1581573057389.png',	'1581573059300',	'1581573059300'),
(25,	'GT73ADXK715VSLP',	'fannan2/images/image-1582591768547.png',	'1582591770186',	'1582591770186'),
(26,	'GT73ADXK715VSLP',	'fannan2/images/image-1582591783191.png',	'1582591785115',	'1582591785115'),
(30,	'GT73A6JVK60SZTOZ',	'fannan2/images/image-1582628428783.jpg',	'1582628429794',	'1582628429794'),
(33,	'GT73A61IK4XYK1UK',	'fannan2/images/image-1582793735011.jpg',	'1582793736364',	'1582793736364'),
(34,	'GT73A40PK75ZU31A',	'fannan2/images/image-1582883521144.png',	'1582883523469',	'1582883523469'),
(35,	'GT73A2UHK77ET767',	'fannan2/images/image-1582976668663.png',	'1582976733269',	'1582976733269'),
(37,	'GT73AJHCK778SY9L',	'fannan2/images/image-1586802271610.png',	'1586802274222',	'1586802274222');

DROP TABLE IF EXISTS `home_slider`;
CREATE TABLE `home_slider` (
  `id` int(10) NOT NULL AUTO_INCREMENT,
  `image` varchar(255) NOT NULL,
  `title` varchar(200) CHARACTER SET utf8 NOT NULL,
  `heading` varchar(200) CHARACTER SET utf8 NOT NULL,
  `description` text CHARACTER SET utf8 NOT NULL,
  `web_url` varchar(255) CHARACTER SET utf8 NOT NULL,
  `status` int(4) NOT NULL DEFAULT '1',
  PRIMARY KEY (`id`)
) ENGINE=InnoDB DEFAULT CHARSET=latin1;

INSERT INTO `home_slider` (`id`, `image`, `title`, `heading`, `description`, `web_url`, `status`) VALUES
(1,	'fannan2/images/image-1586882716664.png',	'Talents For Quality Work',	'We care for you',	'A new way to take services at home using Fannan',	'',	1),
(2,	'fannan2/images/image-1587148711303.png',	'Find The Right Talent',	'Get more done',	'Fannan offers end-to-end services, from skilled professionals, hiring the best match, to track jobs and invoices',	'',	1),
(3,	'fannan2/images/image-1587149073771.png',	'Post A Job Immediately',	'Tell us what you need',	'Fannan connects you with top talents near you',	'',	1),
(4,	'fannan2/images/image-1587149092559.png',	'Get Qualified Proposals',	'Get proposals within 24 hours',	'Compare bids, reviews, and prior work, interview favorites and hire the best fit',	'',	1),
(5,	'fannan2/images/image-1587149115118.png',	'Collaborate Easily',	'Connect with talents',	'Use Fannan to chat, share images, and track job milestones from your mobile',	'',	1),
(6,	'fannan2/images/image-1586587786342.png',	'Talents For Quality Work',	'We care for you',	'Talents For Quality Work	',	'https://www.google.co.in/?client=safari&channel=mac_bm',	2);

DROP TABLE IF EXISTS `notification`;
CREATE TABLE `notification` (
  `id` int(11) NOT NULL AUTO_INCREMENT,
  `user_pub_id` varchar(100) NOT NULL,
  `title` text CHARACTER SET utf8 NOT NULL,
  `type` varchar(200) NOT NULL DEFAULT 'indivisual',
  `msg` text CHARACTER SET utf8 NOT NULL,
  `created_at` varchar(255) NOT NULL,
  `is_read` int(11) NOT NULL DEFAULT '0',
  PRIMARY KEY (`id`)
) ENGINE=InnoDB DEFAULT CHARSET=latin1;

INSERT INTO `notification` (`id`, `user_pub_id`, `title`, `type`, `msg`, `created_at`, `is_read`) VALUES
(1,	'GT73A17SK77AAQ0B',	'New Job',	'1111',	'Hey, New job available in your area. Please check find job section.',	'1583145800060',	0),
(2,	'GT73A2UHK77ET767',	'New Job',	'1111',	'Hey, New job available in your area. Please check find job section.',	'1583145800145',	1),
(3,	'GT73A61IK4XYK1UK',	'Accepted job.',	'10009',	'Job accepted successfully.',	'1583145864485',	1),
(4,	'GT73ACT6K7A43BO0',	'Accepted job.',	'10009',	'Job accepted successfully.',	'1583153718093',	1),
(5,	'GT73AFOSK6RHGLGC',	'Start job.',	'10005',	'Artist has been started your job',	'1583153745620',	1),
(6,	'GT73AFOSK6RHGLGC',	'Complete job',	'10006',	'Completed your job by artist.',	'1583153764221',	1),
(7,	'GT73ABWEK626VDL1',	'New Job',	'1111',	'Hey, New job available in your area. Please check find job section.',	'1583153802723',	1),
(8,	'GT73ACKOK6C8IMEP',	'Accepted job.',	'10009',	'Job accepted successfully.',	'1583155685272',	1),
(9,	'GT73ACT6K7A43BO0',	'New Job',	'1111',	'Hey, New job available in your area. Please check find job section.',	'1583156312304',	1),
(10,	'GT73ABWEK626VDL1',	'Accepted job.',	'10009',	'Job accepted successfully.',	'1583156427560',	1),
(11,	'GT73AFOSK6RHGLGC',	'Start job.',	'10005',	'Artist has been started your job',	'1583156526772',	1),
(12,	'GT73ABWEK626VDL1',	'Accepted job.',	'10009',	'Job accepted successfully.',	'1583156604671',	1),
(13,	'GT73ABWEK626VDL1',	'Accepted job.',	'10009',	'Job accepted successfully.',	'1583156703788',	1),
(14,	'GT73AFOSK6RHGLGC',	'Rejected job.',	'10008',	'Rejected job by artist.',	'1583157299263',	1),
(15,	'GT73AFOSK6RHGLGC',	'Rejected job.',	'10008',	'Rejected job by artist.',	'1583157299613',	1),
(16,	'GT73AFOSK6RHGLGC',	'Rejected job.',	'10008',	'Rejected job by artist.',	'1583157299614',	1),
(17,	'GT73AFOSK6RHGLGC',	'Rejected job.',	'10008',	'Rejected job by artist.',	'1583157299615',	1),
(18,	'GT73AFOSK6RHGLGC',	'Rejected job.',	'10008',	'Rejected job by artist.',	'1583157303446',	1),
(19,	'GT73ABWEK626VDL1',	'Accepted job.',	'10009',	'Job accepted successfully.',	'1583157416633',	1),
(20,	'GT73AFOSK6RHGLGC',	'Rejected job.',	'10008',	'Rejected job by artist.',	'1583157802441',	1),
(21,	'GT73ABWEK626VDL1',	'Accepted job.',	'10009',	'Job accepted successfully.',	'1583157892561',	1),
(22,	'GT73AFOSK6RHGLGC',	'Complete job',	'10006',	'Completed your job by artist.',	'1583157936504',	1),
(23,	'GT73AFOSK6RHGLGC',	'Start job.',	'10005',	'Artist has been started your job',	'1583157939022',	1),
(24,	'GT73ABWEK626VDL1',	'Accepted job.',	'10009',	'Job accepted successfully.',	'1583160649445',	1),
(25,	'GT73A17SK77AAQ0B',	'New Job',	'1111',	'Hey, New job available in your area. Please check find job section.',	'1583160938749',	0),
(26,	'GT73A2UHK77ET767',	'New Job',	'1111',	'Hey, New job available in your area. Please check find job section.',	'1583160938755',	1),
(27,	'GT73A61IK4XYK1UK',	'New Job',	'1111',	'Hey, New job available in your area. Please check find job section.',	'1583212147629',	1),
(28,	'GT73A6JVK60SZTOZ',	'New Job',	'1111',	'Hey, New job available in your area. Please check find job section.',	'1583212147701',	0),
(29,	'GT73ACT6K7A43BO0',	'Accepted job.',	'10009',	'Job accepted successfully.',	'1583215489059',	1),
(30,	'GT73ABWEK626VDL1',	'New Job',	'1111',	'Hey, New job available in your area. Please check find job section.',	'1583215553577',	1),
(31,	'GT73ACKOK6C8IMEP',	'Job Applied.',	'10010',	'Job applied successfully.',	'1583215612462',	1),
(32,	'GT73AFOSK6RHGLGC',	'Complete job',	'10006',	'Completed your job by artist.',	'1583218738049',	1),
(33,	'GT73ACT6K7A43BO0',	'Accepted job.',	'10009',	'Job accepted successfully.',	'1583221376058',	1),
(34,	'GT73ABWEK626VDL1',	'Start job.',	'10005',	'Artist has been started your job',	'1583221385164',	1),
(35,	'GT73ABWEK626VDL1',	'Complete job',	'10006',	'Completed your job by artist.',	'1583221420369',	1),
(36,	'GT73A61IK4XYK1UK',	'Accepted job.',	'10009',	'Job accepted successfully.',	'1583225752570',	1),
(37,	'GT73A2UHK77ET767',	'Accepted job.',	'10009',	'Job accepted successfully.',	'1583225818733',	1),
(38,	'GT73ACT6K7A43BO0',	'Start job.',	'10005',	'Artist has been started your job',	'1583225825064',	1),
(39,	'GT73A6JVK60SZTOZ',	'Accepted job.',	'10002',	'Job accepted successfully.',	'1583303328141',	0),
(40,	'GT73ACKOK6C8IMEP',	'Start job.',	'10005',	'Artist has been started your job',	'1583304884665',	1),
(41,	'GT73ABWEK626VDL1',	'Paid your invoice.',	'10011',	'Paid your invoice.',	'1583306089228',	1),
(42,	'GT73ABWEK626VDL1',	'Rating.',	'10012',	'Someone gives you rating.',	'1583306097373',	1),
(43,	'GT73ACT6K7A43BO0',	'Start job.',	'10005',	'Artist has been started your job',	'1583908537382',	1),
(44,	'GT73ACT6K7A43BO0',	'Complete job',	'10006',	'Completed your job by artist.',	'1583909562805',	1),
(45,	'GT73ABWEK626VDL1',	'Accepted job.',	'10009',	'Job accepted successfully.',	'1583910552429',	1),
(46,	'GT73ABWEK626VDL1',	'Accepted job.',	'10009',	'Job accepted successfully.',	'1583910586419',	1),
(47,	'GT73ACT6K7A43BO0',	'Start job.',	'10005',	'Artist has been started your job',	'1583910590777',	1),
(48,	'GT73ACT6K7A43BO0',	'Complete job',	'10006',	'Completed your job by artist.',	'1583910629700',	1),
(49,	'GT73AFOSK6RHGLGC',	'Start job.',	'10005',	'Artist has been started your job',	'1583910999921',	0),
(50,	'GT73AFOSK6RHGLGC',	'Complete job',	'10006',	'Completed your job by artist.',	'1583911007090',	0),
(51,	'GT73ADXK715VSLP',	'New Job',	'1111',	'Hey, New job available in your area. Please check find job section.',	'1583920483435',	0),
(52,	'GT73AHYQK63FXCXT',	'New Job',	'1111',	'Hey, New job available in your area. Please check find job section.',	'1583920483524',	0),
(53,	'GT73AFOSK6RHGLGC',	'Start job.',	'10005',	'Artist has been started your job',	'1583997747296',	0),
(54,	'GT73AFOSK6RHGLGC',	'Complete job',	'10006',	'Completed your job by artist.',	'1583997851862',	0),
(55,	'GT73ACT6K7A43BO0',	'Job Applied.',	'10010',	'Job applied successfully.',	'1583998310328',	1),
(56,	'GT73A2UHK77ET767',	'New Job',	'1111',	'Hey, New job available in your area. Please check find job section.',	'1583998555960',	1),
(57,	'GT73AA96K78K31I9',	'New Job',	'1111',	'Hey, New job available in your area. Please check find job section.',	'1583998555965',	0),
(58,	'GT73A17SK77AAQ0B',	'New Job',	'1111',	'Hey, New job available in your area. Please check find job section.',	'1583998555969',	0),
(59,	'GT73AJHCK778SY9L',	'New Job',	'1111',	'Hey, New job available in your area. Please check find job section.',	'1583998555974',	1),
(60,	'GT73ABWEK626VDL1',	'Job Applied.',	'10010',	'Job applied successfully.',	'1583998826045',	1),
(61,	'GT73ACT6K7A43BO0',	'Accepted job.',	'10002',	'Job accepted successfully.',	'1584003008519',	1),
(62,	'GT73ABWEK626VDL1',	'??? ???????.',	'10008',	'undefined',	'1584003027812',	1),
(63,	'GT73A17SK77AAQ0B',	'New Job',	'1111',	'Hey, New job available in your area. Please check find job section.',	'1584003073961',	0),
(64,	'GT73AA96K78K31I9',	'New Job',	'1111',	'Hey, New job available in your area. Please check find job section.',	'1584003073966',	0),
(65,	'GT73A2UHK77ET767',	'New Job',	'1111',	'Hey, New job available in your area. Please check find job section.',	'1584003073970',	1),
(66,	'GT73AJHCK778SY9L',	'New Job',	'1111',	'Hey, New job available in your area. Please check find job section.',	'1584003073974',	1),
(67,	'GT73ABWEK626VDL1',	'Accepted job.',	'10009',	'Job accepted successfully.',	'1584020886688',	1),
(68,	'GT73ACT6K7A43BO0',	'Start job.',	'10005',	'Artist has been started your job',	'1584020907912',	0),
(69,	'GT73ACT6K7A43BO0',	'Rejected job.',	'10008',	'Rejected job by artist.',	'1584082751268',	0),
(70,	'GT73ACT6K7A43BO0',	'Complete job',	'10006',	'Completed your job by artist.',	'1584350152705',	0),
(71,	'GT73ACKOK6C8IMEP',	'Complete job',	'10006',	'Completed your job by artist.',	'1584352699546',	1),
(72,	'GT73A61IK4XYK1UK',	'New Job',	'1111',	'Hey, New job available in your area. Please check find job section.',	'1584352820896',	1),
(73,	'GT73A6JVK60SZTOZ',	'New Job',	'1111',	'Hey, New job available in your area. Please check find job section.',	'1584352820902',	0),
(74,	'GT73AM0VK7OMPZZ0',	'New Job',	'1111',	'Hey, New job available in your area. Please check find job section.',	'1584352820906',	0),
(75,	'GT73ACKOK6C8IMEP',	'Job Applied.',	'10010',	'Job applied successfully.',	'1584352881257',	1),
(76,	'GT73A6JVK60SZTOZ',	'Accepted job.',	'10002',	'Job accepted successfully.',	'1584352916945',	0),
(77,	'GT73ACKOK6C8IMEP',	'Start job.',	'10005',	'Artist has been started your job',	'1584353140490',	1),
(78,	'GT73ACKOK6C8IMEP',	'Complete job',	'10006',	'Completed your job by artist.',	'1584353332518',	1),
(79,	'GT73ADXK715VSLP',	'New Job',	'1111',	'Hey, New job available in your area. Please check find job section.',	'1584366634205',	0),
(80,	'GT73AHYQK63FXCXT',	'New Job',	'1111',	'Hey, New job available in your area. Please check find job section.',	'1584366634211',	0),
(81,	'GT73ABWEK626VDL1',	'New Job',	'1111',	'Hey, New job available in your area. Please check find job section.',	'1584366634215',	1),
(82,	'GT73ACKOK6C8IMEP',	'Job Applied.',	'10010',	'Job applied successfully.',	'1584366675632',	1),
(83,	'GT73ABWEK626VDL1',	'Accepted job.',	'10009',	'Job accepted successfully.',	'1584366845211',	1),
(84,	'GT73ACKOK6C8IMEP',	'Accepted job.',	'10009',	'Job accepted successfully.',	'1584366955947',	1),
(85,	'GT73AFOSK6RHGLGC',	'Job Applied.',	'10010',	'Job applied successfully.',	'1584368476943',	0),
(86,	'GT73ABWEK626VDL1',	'Job Applied.',	'10010',	'Job applied successfully.',	'1584368484277',	1),
(87,	'GT73ABWEK626VDL1',	'Rejected job.',	'10008',	'Rejected job by artist.',	'1584369082366',	1),
(88,	'GT73AJHCK778SY9L',	'New Job',	'1111',	'Hey, New job available in your area. Please check find job section.',	'1584422515085',	1),
(89,	'GT73A17SK77AAQ0B',	'New Job',	'1111',	'Hey, New job available in your area. Please check find job section.',	'1584422515166',	0),
(90,	'GT73AA96K78K31I9',	'New Job',	'1111',	'Hey, New job available in your area. Please check find job section.',	'1584422515174',	0),
(91,	'GT73A2UHK77ET767',	'New Job',	'1111',	'Hey, New job available in your area. Please check find job section.',	'1584422515178',	1),
(92,	'GT73ABWEK626VDL1',	'Accepted job.',	'10009',	'Job accepted successfully.',	'1584426271149',	1),
(93,	'GT73ACKOK6C8IMEP',	'Start job.',	'10005',	'Artist has been started your job',	'1584426305135',	1),
(94,	'GT73ACKOK6C8IMEP',	'Complete job',	'10006',	'Completed your job by artist.',	'1584426359662',	1),
(95,	'GT73A17SK77AAQ0B',	'New Job',	'1111',	'Hey, New job available in your area. Please check find job section.',	'1584438161718',	0),
(96,	'GT73AA96K78K31I9',	'New Job',	'1111',	'Hey, New job available in your area. Please check find job section.',	'1584438161722',	0),
(97,	'GT73A2UHK77ET767',	'New Job',	'1111',	'Hey, New job available in your area. Please check find job section.',	'1584438161727',	1),
(98,	'GT73AJHCK778SY9L',	'New Job',	'1111',	'Hey, New job available in your area. Please check find job section.',	'1584438161731',	1),
(99,	'GT73ACKOK6C8IMEP',	'Job Applied.',	'10010',	'Job applied successfully.',	'1584438181206',	1),
(100,	'GT73A2UHK77ET767',	'Accepted job.',	'10002',	'Job accepted successfully.',	'1584438215110',	1),
(101,	'GT73ADXK715VSLP',	'New Job',	'1111',	'Hey, New job available in your area. Please check find job section.',	'1584439547984',	0),
(102,	'GT73AHYQK63FXCXT',	'New Job',	'1111',	'Hey, New job available in your area. Please check find job section.',	'1584439547989',	0),
(103,	'GT73ABWEK626VDL1',	'New Job',	'1111',	'Hey, New job available in your area. Please check find job section.',	'1584439547993',	1),
(104,	'GT73ACKOK6C8IMEP',	'Rejected job.',	'10008',	'Rejected job by artist.',	'1584440307838',	1),
(105,	'GT73ACKOK6C8IMEP',	'Job Applied.',	'10010',	'Job applied successfully.',	'1584440700671',	1),
(106,	'GT73A2UHK77ET767',	'Accepted job.',	'10002',	'Job accepted successfully.',	'1584440742880',	1),
(107,	'GT73ACT6K7A43BO0',	'Start job.',	'10005',	'Artist has been started your job',	'1584441525150',	0),
(108,	'GT73ABWEK626VDL1',	'Job Applied.',	'10010',	'Job applied successfully.',	'1584511591180',	1),
(109,	'GT73ACT6K7A43BO0',	'Complete job',	'10006',	'Completed your job by artist.',	'1585379030654',	0),
(110,	'GT73AHYQK63FXCXT',	'New Job',	'1111',	'Hey, New job available in your area. Please check find job section.',	'1585387972921',	0),
(111,	'GT73ADXK715VSLP',	'New Job',	'1111',	'Hey, New job available in your area. Please check find job section.',	'1585387972927',	0),
(112,	'GT73ABWEK626VDL1',	'New Job',	'1111',	'Hey, New job available in your area. Please check find job section.',	'1585387972932',	1),
(113,	'GT73AHYQK63FXCXT',	'New Job',	'1111',	'Hey, New job available in your area. Please check find job section.',	'1585390361786',	0),
(114,	'GT73ADXK715VSLP',	'New Job',	'1111',	'Hey, New job available in your area. Please check find job section.',	'1585390361791',	0),
(115,	'GT73ABWEK626VDL1',	'New Job',	'1111',	'Hey, New job available in your area. Please check find job section.',	'1585390361795',	1),
(116,	'GT73AA96K78K31I9',	'New Job',	'1111',	'Hey, New job available in your area. Please check find job section.',	'1585647380847',	0),
(117,	'GT73A17SK77AAQ0B',	'New Job',	'1111',	'Hey, New job available in your area. Please check find job section.',	'1585647380926',	0),
(118,	'GT73A2UHK77ET767',	'New Job',	'1111',	'Hey, New job available in your area. Please check find job section.',	'1585647380931',	0),
(119,	'GT73AJHCK778SY9L',	'New Job',	'1111',	'Hey, New job available in your area. Please check find job section.',	'1585647380935',	1),
(120,	'GT73AA96K78K31I9',	'New Job',	'1111',	'Hey, New job available in your area. Please check find job section.',	'1585649044879',	0),
(121,	'GT73A17SK77AAQ0B',	'New Job',	'1111',	'Hey, New job available in your area. Please check find job section.',	'1585649044885',	0),
(122,	'GT73A2UHK77ET767',	'New Job',	'1111',	'Hey, New job available in your area. Please check find job section.',	'1585649044891',	0),
(123,	'GT73AJHCK778SY9L',	'New Job',	'1111',	'Hey, New job available in your area. Please check find job section.',	'1585649044896',	1),
(124,	'GT73ACKOK6C8IMEP',	'Start job.',	'10005',	'Artist has been started your job',	'1585722180501',	1),
(125,	'GT73ACKOK6C8IMEP',	'Complete job',	'10006',	'Completed your job by artist.',	'1585722295881',	1),
(126,	'GT73ABWEK626VDL1',	'New Job',	'1111',	'Hey, New job available in your area. Please check find job section.',	'1586874789083',	1),
(127,	'GT73ABWEK626VDL1',	'Job Applied.',	'10010',	'Job applied successfully.',	'1586963944559',	1),
(128,	'GT73ACKOK6C8IMEP',	'Job Applied.',	'10010',	'Job applied successfully.',	'1586963997487',	0),
(129,	'GT73ACKOK6C8IMEP',	'Job Applied.',	'10010',	'Job applied successfully.',	'1586964001948',	0),
(130,	'GT73ACKOK6C8IMEP',	'Job Applied.',	'10010',	'Job applied successfully.',	'1586964007083',	0),
(131,	'GT73ACKOK6C8IMEP',	'Job Applied.',	'10010',	'Job applied successfully.',	'1586964011881',	0),
(132,	'GT73ABWEK626VDL1',	'Job Applied.',	'10010',	'Job applied successfully.',	'1586964112599',	1),
(133,	'GT73A2UHK77ET767',	'Job Applied.',	'10010',	'Job applied successfully.',	'1586964115319',	0),
(134,	'GT73ABWEK626VDL1',	'Job Applied.',	'10010',	'Job applied successfully.',	'1586964117749',	1),
(135,	'GT73ABWEK626VDL1',	'Job Applied.',	'10010',	'Job applied successfully.',	'1586964120429',	1),
(136,	'GT73ACT6K7A43BO0',	'Job Applied.',	'10010',	'Job applied successfully.',	'1586964122969',	0),
(137,	'GT73ABWEK626VDL1',	'Job Applied.',	'10010',	'Job applied successfully.',	'1586964125489',	1),
(138,	'GT73AJVAK900ZN5D',	'Accepted job.',	'10009',	'Job accepted successfully.',	'1586964225427',	0),
(139,	'GT73A2UHK77ET767',	'Accepted job.',	'10009',	'Job accepted successfully.',	'1586964393177',	0),
(140,	'GT73ACT6K7A43BO0',	'Accepted job.',	'10009',	'Job accepted successfully.',	'1587113323948',	0);

DROP TABLE IF EXISTS `package`;
CREATE TABLE `package` (
  `package_id` int(11) NOT NULL AUTO_INCREMENT,
  `package_pub_id` varchar(250) NOT NULL,
  `title` text CHARACTER SET utf8 NOT NULL,
  `description` text CHARACTER SET utf8 NOT NULL,
  `image` varchar(255) NOT NULL,
  `amount` int(11) NOT NULL,
  `days` int(100) NOT NULL,
  `is_default` tinyint(1) NOT NULL DEFAULT '0',
  `status` int(11) NOT NULL COMMENT '1. Active 0. Deactive',
  `created_at` varchar(255) NOT NULL,
  `updated_at` varchar(255) NOT NULL,
  PRIMARY KEY (`package_id`)
) ENGINE=InnoDB DEFAULT CHARSET=latin1;

INSERT INTO `package` (`package_id`, `package_pub_id`, `title`, `description`, `image`, `amount`, `days`, `is_default`, `status`, `created_at`, `updated_at`) VALUES
(1,	'235hghj4g3jhg4h54vg',	'Default Package',	'Default Signup Package',	'',	0,	365,	1,	1,	'',	''),
(2,	'hj5ghkj434h54vg',	'Title Paid 50',	'Description Paid 50',	'',	50,	30,	0,	0,	'',	''),
(3,	'56FDGH48DTH321FGN',	'Title Paid 85',	'Description Paid 85',	'',	85,	60,	0,	0,	'',	''),
(5,	'gt73a5w1k7n2pman',	'test1',	'test12',	'',	7,	11,	0,	0,	'',	'');

DROP TABLE IF EXISTS `post_job`;
CREATE TABLE `post_job` (
  `id` bigint(20) NOT NULL AUTO_INCREMENT,
  `job_id` varchar(20) NOT NULL DEFAULT '',
  `user_pub_id` varchar(100) NOT NULL DEFAULT '',
  `description` text CHARACTER SET utf8 NOT NULL,
  `job_title` varchar(200) CHARACTER SET utf8 NOT NULL DEFAULT '',
  `skill_id` int(11) NOT NULL DEFAULT '0',
  `cat_id` int(11) NOT NULL DEFAULT '0',
  `edit` tinyint(4) NOT NULL DEFAULT '0' COMMENT '0.Edit 1.NotEdit',
  `status` tinyint(4) NOT NULL DEFAULT '0' COMMENT '0.Padding 1.confirm 2.complete 3.reject 4.deactive 5. process',
  `time` varchar(255) NOT NULL DEFAULT 'NA',
  `address` varchar(255) CHARACTER SET utf8 NOT NULL DEFAULT 'NA',
  `latitude` varchar(255) NOT NULL DEFAULT '',
  `longitude` varchar(255) NOT NULL DEFAULT '',
  `date` varchar(200) NOT NULL DEFAULT '',
  `created_at` varchar(255) NOT NULL DEFAULT '',
  `updated_at` varchar(255) NOT NULL DEFAULT '',
  `duration` varchar(10) NOT NULL DEFAULT '1',
  `price` double NOT NULL DEFAULT '0',
  `start_time` varchar(20) NOT NULL DEFAULT '" "',
  `end_time` varchar(20) NOT NULL DEFAULT '" "',
  `artist_pub_id` varchar(20) NOT NULL DEFAULT '',
  `job_start_time` double NOT NULL DEFAULT '0',
  PRIMARY KEY (`id`)
) ENGINE=InnoDB DEFAULT CHARSET=latin1;

INSERT INTO `post_job` (`id`, `job_id`, `user_pub_id`, `description`, `job_title`, `skill_id`, `cat_id`, `edit`, `status`, `time`, `address`, `latitude`, `longitude`, `date`, `created_at`, `updated_at`, `duration`, `price`, `start_time`, `end_time`, `artist_pub_id`, `job_start_time`) VALUES
(1,	'col04el3',	'GT73ABWEK626VDL1',	'weddgnjhfe dwefhhute rwfcnuojr rwvj',	'febg',	0,	2,	0,	4,	'04:12 PM',	'Scheme No 53, Indore, India, 452056 ',	'22.750030507192374',	'75.8986720956129',	'2-03-2020',	'1583145799911',	'1583145799911',	'04',	100,	'\" \"',	'\" \"',	'',	1583145720),
(3,	'7ipnu880',	'GT73AFOSK6RHGLGC',	'hxlkxgkxgzjgsitufp',	'ohxyxtsits',	0,	3,	0,	2,	'06:25 PM',	'Moffat DG10 9LT, UK',	'55.378051',	'-3.4359729999999997',	'02-03-2020',	'1583153718087',	'1583153745486',	'07',	100,	'1583153745486',	'1583153764215',	'GT73ACT6K7A43BO0',	1583153700),
(4,	'4etlvi4q',	'GT73ACT6K7A43BO0',	'ln hfixoclyc',	'ikdxtstkkd',	0,	3,	0,	4,	'06:26 PM',	'Vijay Nagar, Shri Badal Chand Mehta Marg, Indore, India, 452010 ',	'22.753469800972432',	'75.90199694037437',	'2-03-2020',	'1583153802716',	'1583153802716',	'04',	10,	'\" \"',	'\" \"',	'',	1583153760),
(5,	'pdrld2as',	'GT73ACT6K7A43BO0',	'begev.  evevevevegevt',	'getefefecscscscscscs ',	0,	4,	0,	2,	'06:57 PM',	'Scheme No 53, Indore, India, 452056 ',	'22.749937174631494',	'75.89889920299963',	'9-03-2020',	'1583155685265',	'1583908537223',	'09',	400,	'1583908537223',	'1583909562799',	'GT73ACKOK6C8IMEP',	1583760420),
(6,	'qx23wiwf',	'GT73ABWEK626VDL1',	'brbegeg',	'ffhthhthrhrh',	0,	3,	0,	4,	'07:08 PM',	'Scheme No 53, Indore, India, 452056 ',	'22.74993520951879',	'75.89889799990449',	'2-03-2020',	'1583156312160',	'1583156312160',	'04',	200,	'\" \"',	'\" \"',	'',	1583156280),
(7,	'3h5bg946',	'GT73AFOSK6RHGLGC',	'gnakstjsyk\nssyksd',	'utqjtangNvzjgsjtwjtw',	0,	3,	0,	2,	'07:10 PM',	'Moffat DG10 9LT, UK',	'55.378051',	'-3.4359729999999997',	'02-03-2020',	'1583156427552',	'1583156526639',	'07',	100,	'1583156526639',	'1583157936360',	'GT73ABWEK626VDL1',	1583156400),
(8,	'2j3ztdxk',	'GT73AFOSK6RHGLGC',	'bhi',	'fevju',	0,	3,	0,	0,	'07:10 PM',	'Moffat DG10 9LT, UK',	'55.378051',	'-3.4359729999999997',	'02-03-2020',	'1583156604665',	'1583156604665',	'06',	200,	'\" \"',	'\" \"',	'GT73ABWEK626VDL1',	1583156400),
(9,	'lqy82emb',	'GT73AFOSK6RHGLGC',	'nfzgkkyskyszgmxhgkkggzjfzfjzkgztjJtzjtzjt sk.tztkzkt.ztkztzgmztzk.tFTJtTjzktJzitatiatksitzktztkzktzyksmx',	'ff',	0,	3,	0,	0,	'07:10 PM',	'Moffat DG10 9LT, UK',	'55.378051',	'-3.4359729999999997',	'02-03-2020',	'1583156703782',	'1583156703782',	'06',	2,	'\" \"',	'\" \"',	'GT73ABWEK626VDL1',	1583156400),
(10,	'6x3auzyx',	'GT73AFOSK6RHGLGC',	'fizitsyiyit8syidy8zitzitztiiz',	'gsifjasttstisitstist',	0,	3,	0,	0,	'07:25 PM',	'Moffat DG10 9LT, UK',	'55.378051',	'-3.4359729999999997',	'02-03-2020',	'1583157416628',	'1583157416628',	'06',	200,	'\" \"',	'\" \"',	'GT73ABWEK626VDL1',	1583157300),
(11,	'696y5drc',	'GT73AFOSK6RHGLGC',	'kckfuffugivho',	'jfMkgatiw',	0,	3,	0,	2,	'07:30 PM',	'Moffat DG10 9LT, UK',	'55.378051',	'-3.4359729999999997',	'02-03-2020',	'1583157892556',	'1583157939016',	'06',	200,	'1583157939016',	'1583218737902',	'GT73ABWEK626VDL1',	1583157600),
(12,	'exu6omwp',	'GT73AFOSK6RHGLGC',	'gkssoyulxc',	'fjFjtizidyodiyidist',	0,	3,	0,	2,	'08:20 PM',	'Moffat DG10 9LT, UK',	'55.378051',	'-3.4359729999999997',	'02-03-2020',	'1583160649439',	'1583997747150',	'03',	200,	'1583997747150',	'1583997851856',	'GT73ABWEK626VDL1',	1583160600),
(13,	'tkkwlorp',	'GT73ABWEK626VDL1',	'Demo testing ',	'demo',	0,	2,	0,	0,	'08:25 PM',	'Vijay Nagar, NH 52, Indore, India, 452010 ',	'22.758979041664343',	'75.89809868484735',	'31-03-2020',	'1583160938743',	'1583160938743',	'05',	200,	'\" \"',	'\" \"',	'',	1585666500),
(14,	'y30ce500',	'GT73ACKOK6C8IMEP',	'hvyf',	'test1',	0,	4,	0,	2,	'10:45 AM',	'Plot No. B1 BU-4, AB Rd, Vijay Nagar Square, NRK Business Park, Scheme No.54, Vijay Nagar, Indore, Madhya Pradesh 452010, India',	'22.75147771317903',	'75.89695572853087',	'03-03-2020',	'1583212147487',	'1583304884658',	'02',	8,	'1583304884657',	'1584352699541',	'',	1583212500),
(15,	'p508s4vm',	'GT73AFOSK6RHGLGC',	'xbdbdhdhdhd',	'bdhdbdvd',	0,	3,	0,	2,	'11:30 AM',	'Moffat DG10 9LT, UK',	'55.378051',	'-3.4359729999999997',	'03-03-2020',	'1583215489051',	'1583910999914',	'03',	200,	'1583910999914',	'1583911007085',	'GT73ACT6K7A43BO0',	1583215200),
(16,	'na3pg81x',	'GT73ACT6K7A43BO0',	'ndnebebdbrn',	'bscbeheheh',	0,	3,	0,	4,	'11:35 AM',	'Scheme No 53, Indore, India, 452056 ',	'22.749922148294573',	'75.8988829847592',	'3-03-2020',	'1583215553433',	'1583215553433',	'05',	500,	'\" \"',	'\" \"',	'',	1583215500),
(17,	'5ug3xvvn',	'GT73ABWEK626VDL1',	'sgnsgmher cktqjwkgwkwykykwtkktjrjrnd',	'vsggebebebe',	0,	3,	0,	2,	'01:12 PM',	'Scheme No 53, Indore, India, 452056 ',	'22.74972239961824',	'75.89886521397558',	'3-03-2020',	'1583221376051',	'1583221385157',	'08',	100,	'1583221385157',	'1583221420364',	'GT73ACT6K7A43BO0',	1583221320),
(18,	'8wekcf6i',	'GT73ACT6K7A43BO0',	'Cndatjtwkzv.  dbdbx x d eveh.   \n\n',	'cdd',	0,	4,	0,	2,	'02:25 PM',	'Scheme No 53, Indore, India, 452056 ',	'22.749946032998906',	'75.89891054514358',	'3-03-2020',	'1583225752565',	'1584441525145',	'06',	68,	'1584441525145',	'1585379030491',	'GT73A61IK4XYK1UK',	1583225700),
(19,	'uxoghkd5',	'GT73ACT6K7A43BO0',	'sgngsmeykeymgsbr. arjtqjtnb. agneymeymfjn. djwjtkmg',	'evvsbebsbdbdbdbd sbdndn',	0,	2,	0,	2,	'02:26 PM',	'Scheme No 53, Indore, India, 452056 ',	'22.749946032998906',	'75.89891054514358',	'3-03-2020',	'1583225818727',	'1583225825058',	'05',	150,	'1583225825058',	'',	'GT73A2UHK77ET767',	1583225760),
(20,	'vb4fqakt',	'GT73ACT6K7A43BO0',	'hdbdhdbd',	'bdbdjdb',	0,	3,	0,	0,	'12:39 PM',	'Scheme No 53, Indore, India, 452056 ',	'22.749938835264906',	'75.89890128827393',	'19-03-2020',	'1583910552424',	'1583910552424',	'05',	100,	'\" \"',	'\" \"',	'GT73ABWEK626VDL1',	1584601740),
(21,	'uzoixhuv',	'GT73ACT6K7A43BO0',	'shddbdb',	'bdbdj',	0,	3,	0,	2,	'12:39 PM',	'Scheme No 53, Indore, India, 452056 ',	'22.74986913101005',	'75.89894574758604',	'11-03-2020',	'1583910586413',	'1583910590770',	'01',	100,	'1583910590770',	'1583910629695',	'GT73ABWEK626VDL1',	1583910540),
(22,	'o1pc0lw9',	'GT73AFOSK6RHGLGC',	's dfgdfsg sdfg sdfg sdg sdg sdg sdfg sfg a dsfadsf adfs adsf ',	'asdf asdf ',	0,	1,	0,	0,	'03:24 PM',	'Vijay Nagar, Indore, India, 452010 ',	'22.7533',	'75.8937',	'11-03-2020',	'1583920483287',	'1583920483287',	'04',	100,	'\" \"',	'\" \"',	'',	1583920440),
(23,	'yan9fa8m',	'GT73ABWEK626VDL1',	'bjcfhnbh tcubuvyvygobyvy y yvufucycyvy y yvyvycycu\n',	'viihuit',	0,	2,	0,	0,	'01:04 PM',	'Devi Ahillyabai Holkar Airport Area, Indore, India, 452005 ',	'22.72804167967007',	'75.80463912338018',	'26-03-2020',	'1583998555954',	'1583998555954',	'04',	150,	'\" \"',	'\" \"',	'',	1585208040),
(24,	'4myxr4bw',	'GT73ABWEK626VDL1',	'dkfkckvkflsjxicjc',	'testimg ',	0,	2,	0,	4,	'03:20 PM',	'Scheme No 53, Indore, India, 452056 ',	'22.742943222208492',	'75.89749552309513',	'26-03-2020',	'1584003073956',	'1584003073956',	'07',	120,	'\" \"',	'\" \"',	'',	1585216200),
(25,	'azvok81m',	'GT73ACT6K7A43BO0',	' adsf adsf a',	' sdfg sdg sdfg sg ',	0,	1,	0,	2,	'07:17 PM',	'Vijay Nagar, Indore, India, 452010 ',	'22.7533',	'75.8937',	'12-03-2020',	'1584020886682',	'1584020907751',	'04',	10,	'1584020907751',	'1584350152557',	'GT73ABWEK626VDL1',	1584020820),
(26,	'2ni83yp6',	'GT73ACKOK6C8IMEP',	'bnnk',	'ghj',	0,	4,	0,	2,	'03:35 PM',	'68, Vijay Nagar Square, Ratna Lok Colony, Indore, Madhya Pradesh 452010, India',	'22.7498669',	'75.8989127',	'16-03-2020',	'1584352820890',	'1584353140485',	'02',	5,	'1584353140485',	'1584353332512',	'',	1584353100),
(27,	'ln20ubq2',	'GT73ACKOK6C8IMEP',	'djsjabsjsjfjfnfjcjdjshshshshshdudjdjdjdjdjfjcjcjdjsjsjdjdjdjdjdjdjdjdjdjdhdhdjdjsjajajdjfhdjdjdjdndndjd dndjdn',	'applied job test home',	0,	1,	0,	0,	'07:25 PM',	'146, Mangal City Service Rd, Scheme 54 PU4, Indore, Madhya Pradesh 452010, India',	'22.7511933',	'75.8967818',	'16-03-2020',	'1584366634045',	'1584366634045',	'08',	15,	'\" \"',	'\" \"',	'',	1584366900),
(28,	'9wq98c5s',	'GT73ACKOK6C8IMEP',	'cxdd',	'eee',	0,	1,	0,	2,	'07:20 PM',	'68, Vijay Nagar Square, Ratna Lok Colony, Indore, Madhya Pradesh 452010, India',	'22.7498827',	'75.8988624',	'16-03-2020',	'1584366845206',	'1585722180354',	'02',	100,	'1585722180354',	'1585722295873',	'GT73ABWEK626VDL1',	1584366600),
(29,	'fxqgn242',	'GT73ABWEK626VDL1',	'uficicucic',	'shhshsbahab',	0,	4,	0,	0,	'07:28 PM',	'Old Palasiya, NH 52, Indore, India, 452018 ',	'22.72496500002445',	'75.88749658316374',	'16-03-2020',	'1584366955941',	'1584366955941',	'06',	448,	'\" \"',	'\" \"',	'GT73ACKOK6C8IMEP',	1584367080),
(30,	'1i2pil6p',	'GT73ACKOK6C8IMEP',	'shusjs to be able or willing and ready for the wonderful to hear about the bai ami bollam n',	'job description',	0,	2,	0,	1,	'04:00 PM',	'Fawn Creek Township, KS, USA',	'37.09024',	'-95.712891',	'17-03-2020',	'1584422515078',	'1584422515078',	'05',	15,	'\" \"',	'\" \"',	'',	1584441000),
(31,	'3p26bfj6',	'GT73ACKOK6C8IMEP',	'djdjdnfjdnsidkmbabsjxkcnxncncnx djdjdndjdnd djdjdndjdnd djdjdnfjdnsidkmbabsjxkcnxncncnx to hear each other. sj',	'test',	0,	1,	0,	2,	'11:55 AM',	'1, Khazuri Bazaar, Maharaja Tukoji Rao Holker Cloth Market, Indore, Madhya Pradesh 452002, India',	'22.720247640670387',	'75.85307847708464',	'17-03-2020',	'1584426271144',	'1584426305129',	'06',	15,	'1584426305129',	'1584426359656',	'GT73ABWEK626VDL1',	1584426300),
(32,	'mlv2slnr',	'GT73ACKOK6C8IMEP',	'ufjfjcjc',	'applied job',	0,	2,	0,	0,	'03:15 PM',	'68, Vijay Nagar Square, Ratna Lok Colony, Indore, Madhya Pradesh 452010, India',	'22.7498723',	'75.8989044',	'17-03-2020',	'1584438161712',	'1584438161712',	'05',	15,	'\" \"',	'\" \"',	'',	1584438300),
(33,	's9nw7p77',	'GT73A2UHK77ET767',	'cxdd dyciviv',	'h\nbdhdhdb',	0,	1,	0,	0,	'03:40 PM',	'Dhiraj Nagar BRTS Bus Stop, AB Rd, LIG Colony, Indore, Madhya Pradesh 452011, India',	'22.742266055150246',	'75.89281842112541',	'17-03-2020',	'1584439547980',	'1584439547980',	'05',	15,	'\" \"',	'\" \"',	'',	1584439800),
(34,	'qhkfcsd1',	'GT73ACKOK6C8IMEP',	'bjniib',	'test 28march',	0,	1,	0,	0,	'03:05 PM',	'Yantra, Mahal Marg, Sindhi Colony, Ujjain, Madhya Pradesh 456006, India',	'23.175604690427477',	'75.7785714045167',	'28-03-2020',	'1585387972915',	'1585387972915',	'',	50,	'\" \"',	'\" \"',	'',	1585388100),
(35,	'cvh21gln',	'GT73ACKOK6C8IMEP',	'ch',	'test without duration',	0,	1,	0,	0,	'03:45 PM',	'1, Neel Ganga Rd, Near Kavelu, Karkhana, Ujjain, Madhya Pradesh 456010, India',	'23.171193059923667',	'75.77972911298274',	'28-03-2020',	'1585390361780',	'1585390361780',	'03',	8,	'\" \"',	'\" \"',	'',	1585390500),
(36,	'5abpo7gh',	'GT73ABWEK626VDL1',	'fetfehttjj yhfr',	'ctf',	0,	2,	0,	0,	'03:06 PM',	'Bajrang Nagar, Indore, India, 452011 ',	'22.74642411173688',	'75.88038178361697',	'31-03-2020',	'1585647380700',	'1585647380700',	'04',	100,	'\" \"',	'\" \"',	'',	1585647360),
(37,	'27rzuwqy',	'GT73ABWEK626VDL1',	'jtjtjrjrjrh',	'vcf',	0,	2,	0,	0,	'03:33 PM',	'Bajrang Nagar, Indore, India, 452011 ',	'22.746424167722214',	'75.88038183960232',	'31-03-2020',	'1585649044874',	'1585649044874',	'Duration',	200,	'\" \"',	'\" \"',	'',	1585648980),
(38,	'n9xbz1xd',	'GT73AN9ZK8ZZOOGG',	'ierquwry iuqewyroiuqyewoiruyqoewuiryqoiueryoiquweryiouqry uiqryu qeruyqoeury qiouwry ioquery iouqwyeriouqwyer iouyqwir ',	'qwerv pioqweru pioqeuwrop iqeuwrpioqeuwrpioqeuwrp',	0,	20,	0,	0,	'08:02 PM',	'Vijay Nagar, NH 52, Indore, India, 452010 ',	'22.757297137546328',	'75.89732620865107',	'14-04-2020',	'1586874788934',	'1586874788935',	'Duration',	500,	'\" \"',	'\" \"',	'',	1586874720),
(39,	'us120mou',	'GT73AJVAK9033UAZ',	'test\n',	'test',	0,	1,	0,	1,	'06:23 PM',	'Street 2, Salwa, Kuwait, ',	'29.289777459025107',	'48.08243077554198',	'15-04-2020',	'1586964225422',	'1586964225422',	'Duration',	0,	'\" \"',	'\" \"',	'GT73AJVAK900ZN5D',	1586964180),
(40,	'zgewwmsw',	'GT73AJVAK9033UAZ',	'test\n',	'test',	0,	2,	0,	1,	'06:26 PM',	'Street 2, Salwa, Kuwait, ',	'29.289791179915664',	'48.08240377733419',	'15-04-2020',	'1586964393173',	'1586964393173',	'Duration',	200,	'\" \"',	'\" \"',	'GT73A2UHK77ET767',	1586964360),
(41,	'16pwa2wd',	'GT73AJVAK9033UAZ',	'',	'',	0,	3,	0,	1,	'11:48 AM',	'Street 2, Salwa, Kuwait, ',	'29.289765852285658',	'48.08265285141084',	'17-04-2020',	'1587113323943',	'1587113323943',	'Duration',	100,	'\" \"',	'\" \"',	'GT73ACT6K7A43BO0',	1587113280);

DROP TABLE IF EXISTS `rating`;
CREATE TABLE `rating` (
  `id` int(10) NOT NULL AUTO_INCREMENT,
  `user_pub_id` text NOT NULL,
  `artist_pub_id` text NOT NULL,
  `created_at` varchar(200) NOT NULL DEFAULT '',
  `updated_at` varchar(200) NOT NULL DEFAULT '',
  `status` int(2) NOT NULL DEFAULT '1',
  `rating` double NOT NULL DEFAULT '0',
  `description` text CHARACTER SET utf8 NOT NULL,
  `invoice_id` varchar(200) NOT NULL DEFAULT '',
  PRIMARY KEY (`id`)
) ENGINE=InnoDB DEFAULT CHARSET=latin1;

INSERT INTO `rating` (`id`, `user_pub_id`, `artist_pub_id`, `created_at`, `updated_at`, `status`, `rating`, `description`, `invoice_id`) VALUES
(1,	'GT73AFOSK6RHGLGC',	'GT73ABWEK626VDL1',	'1583306097370',	'1583306097370',	1,	3,	'Gendghhtij',	'64FM5VO0');

DROP TABLE IF EXISTS `referral_setting`;
CREATE TABLE `referral_setting` (
  `id` int(10) NOT NULL AUTO_INCREMENT,
  `no_of_usages` tinytext NOT NULL,
  `amount` text NOT NULL,
  `type` tinyint(4) NOT NULL DEFAULT '1',
  PRIMARY KEY (`id`)
) ENGINE=InnoDB DEFAULT CHARSET=latin1;


DROP TABLE IF EXISTS `referral_usages`;
CREATE TABLE `referral_usages` (
  `id` int(11) NOT NULL AUTO_INCREMENT,
  `user_pub_id` varchar(200) NOT NULL,
  `referral_code` text NOT NULL,
  `redeem` tinyint(4) NOT NULL DEFAULT '0' COMMENT '0.Not 1.credit',
  PRIMARY KEY (`id`)
) ENGINE=InnoDB DEFAULT CHARSET=latin1;


DROP TABLE IF EXISTS `service`;
CREATE TABLE `service` (
  `service_id` int(11) NOT NULL AUTO_INCREMENT,
  `service_name` varchar(255) CHARACTER SET utf8 NOT NULL,
  `user_pub_id` varchar(255) NOT NULL,
  `service_price` float NOT NULL,
  `created_at` varchar(255) NOT NULL,
  `updated_at` varchar(255) NOT NULL,
  PRIMARY KEY (`service_id`)
) ENGINE=InnoDB DEFAULT CHARSET=latin1;

INSERT INTO `service` (`service_id`, `service_name`, `user_pub_id`, `service_price`, `created_at`, `updated_at`) VALUES
(42,	'in',	'GT73ANOUK5DVOPCM',	56,	'1579343658432',	'1579343658432'),
(43,	'ug',	'GT73ANOUK5DVOPCM',	57,	'1579343677773',	'1579343677773'),
(46,	'iPhone',	'DNHX4DORK45C9S9K',	10000,	'1579587620491',	'1579587620491'),
(47,	'Demo',	'GT73ANOUK5DVOPCM',	100,	'1579610460423',	'1579610460423'),
(48,	'Demo 2 ',	'GT73ANOUK5DVOPCM',	200,	'1579610476974',	'1579610476974'),
(49,	'Demo 3 ',	'GT73ANOUK5DVOPCM',	300,	'1579610497410',	'1579610497410'),
(51,	'mechanic ',	'GT73AF5CK66E3K1T',	1500,	'1580815041554',	'1580815041554'),
(54,	'vhb',	'GT73AI6IK6ABA78J',	555,	'1580975384673',	'1580975384673'),
(55,	'hcjchcucuc',	'GT73AFHOK6AB5ONC',	0,	'1580989725849',	'1580989725849'),
(58,	'gj',	'GT73AGFTK6HOEYNM',	58,	'1581504296776',	'1581504296776'),
(59,	'gij',	'GT73AGFTK6HOEYNM',	1875,	'1581504328621',	'1581504328621'),
(60,	'fuels ',	'GT73AGFTK6HOEYNM',	1500,	'1581504491701',	'1581504491701'),
(67,	'Tatarstan',	'GT73A61FK6J503C6',	200,	'1581506926573',	'1581506926573'),
(79,	'cgj',	'GT73A6JVK60SZTOZ',	58,	'1582628350524',	'1582628350524'),
(81,	'hi',	'GT73AJS6K6RT0W1Q',	45,	'1582710762062',	'1582710762062'),
(82,	'ghjv',	'GT73ABWEK626VDL1',	8558,	'1582813933949',	'1582813933949'),
(83,	'testing scale????',	'GT73A40PK75ZU31A',	150,	'1582883581629',	'1582883581629'),
(84,	'ucicifif',	'GT73A2UHK77ET767',	2825280000,	'1582975303577',	'1582975303577'),
(85,	'iPhone for sell',	'GT73ABWEK626VDL1',	200,	'1584082870068',	'1584082870068'),
(87,	'test ',	'GT73AJHCK778SY9L',	100,	'1586802199435',	'1586802199435');

DROP TABLE IF EXISTS `service_images`;
CREATE TABLE `service_images` (
  `id` int(11) NOT NULL AUTO_INCREMENT,
  `service_id` int(11) NOT NULL,
  `service_image` varchar(255) NOT NULL,
  PRIMARY KEY (`id`)
) ENGINE=InnoDB DEFAULT CHARSET=latin1;

INSERT INTO `service_images` (`id`, `service_id`, `service_image`) VALUES
(1,	9,	'fannan2/images/service_image-1579238973715.png'),
(2,	9,	'fannan2/images/service_image-1579238974499.png'),
(37,	42,	'fannan2/images/service_image-1579343656293.jpg'),
(38,	43,	'fannan2/images/service_image-1579343674844.jpg'),
(41,	46,	'fannan2/images/service_image-1579587613041.png'),
(42,	47,	'fannan2/images/service_image-1579610458599.png'),
(43,	48,	'fannan2/images/service_image-1579610475360.png'),
(44,	49,	'fannan2/images/service_image-1579610495745.png'),
(46,	51,	'fannan2/images/service_image-1580815039489.png'),
(47,	51,	'fannan2/images/service_image-1580815040143.png'),
(50,	54,	'fannan2/images/service_image-1580975380491.png'),
(51,	54,	'fannan2/images/service_image-1580975382621.png'),
(52,	55,	'fannan2/images/service_image-1580989725517.jpg'),
(56,	58,	'fannan2/images/service_image-1581504291711.png'),
(57,	59,	'fannan2/images/service_image-1581504324543.png'),
(58,	60,	'fannan2/images/service_image-1581504489800.png'),
(59,	60,	'fannan2/images/service_image-1581504491334.png'),
(60,	61,	'fannan2/images/service_image-1581504653422.png'),
(61,	61,	'fannan2/images/service_image-1581504664049.png'),
(62,	62,	'fannan2/images/service_image-1581505943267.png'),
(63,	63,	'fannan2/images/service_image-1581506161973.png'),
(64,	66,	'fannan2/images/service_image-1581506854294.png'),
(65,	67,	'fannan2/images/service_image-1581506925400.png'),
(77,	79,	'fannan2/images/service_image-1582628349085.jpg'),
(79,	81,	'fannan2/images/service_image-1582710761045.png'),
(80,	82,	'fannan2/images/service_image-1582813930791.png'),
(81,	83,	'fannan2/images/service_image-1582883579610.png'),
(82,	84,	'fannan2/images/service_image-1582975301578.png'),
(83,	85,	'fannan2/images/service_image-1584082867675.png'),
(85,	87,	'fannan2/images/service_image-1586802197084.png');

DROP TABLE IF EXISTS `setting`;
CREATE TABLE `setting` (
  `setting_id` int(11) NOT NULL AUTO_INCREMENT,
  `def_key` text NOT NULL,
  `def_value` text NOT NULL,
  `status` int(11) NOT NULL DEFAULT '1',
  PRIMARY KEY (`setting_id`)
) ENGINE=InnoDB DEFAULT CHARSET=latin1;

INSERT INTO `setting` (`setting_id`, `def_key`, `def_value`, `status`) VALUES
(1,	'fannan_point',	'{\"point\":\"1\",\"price\":\"1\",\"currency_symbol\":\"KWD\"}',	1);

DROP TABLE IF EXISTS `skill`;
CREATE TABLE `skill` (
  `id` int(10) NOT NULL AUTO_INCREMENT,
  `cat_id` varchar(10) NOT NULL,
  `skill` varchar(100) NOT NULL,
  `status` int(2) NOT NULL DEFAULT '1',
  `created_at` varchar(200) NOT NULL,
  `updated_at` varchar(200) NOT NULL,
  PRIMARY KEY (`id`)
) ENGINE=InnoDB DEFAULT CHARSET=latin1;


DROP TABLE IF EXISTS `subscription_history`;
CREATE TABLE `subscription_history` (
  `subs_id` int(11) NOT NULL AUTO_INCREMENT,
  `user_pub_id` varchar(255) NOT NULL,
  `package_pub_id` varchar(255) NOT NULL,
  `transaction_id` int(11) NOT NULL,
  `order_id` varchar(50) NOT NULL,
  `subs_start_date` varchar(255) NOT NULL,
  `subs_end_date` varchar(255) NOT NULL,
  `subs_amount` int(11) NOT NULL,
  `subs_title` text NOT NULL,
  `subs_days` int(11) NOT NULL,
  `subs_created_at` varchar(255) NOT NULL,
  `subs_status` int(11) NOT NULL DEFAULT '1' COMMENT '0.deactive 1. active',
  PRIMARY KEY (`subs_id`),
  KEY `transaction_id` (`transaction_id`)
) ENGINE=InnoDB DEFAULT CHARSET=latin1;

INSERT INTO `subscription_history` (`subs_id`, `user_pub_id`, `package_pub_id`, `transaction_id`, `order_id`, `subs_start_date`, `subs_end_date`, `subs_amount`, `subs_title`, `subs_days`, `subs_created_at`, `subs_status`) VALUES
(7,	'GT73ABWEK626VDL1',	'hj5ghkj434h54vg',	8,	'102923',	'1583578591334',	'1586170591334',	50,	'Title Paid 50',	30,	'1583578591334',	1),
(8,	'GT73ACT6K7A43BO0',	'hj5ghkj434h54vg',	9,	'037958',	'1583737853852',	'1586329853852',	50,	'Title Paid 50',	30,	'1583737853852',	1),
(9,	'GT73ABWEK626VDL1',	'hj5ghkj434h54vg',	10,	'105706',	'1583925409490',	'1586517409490',	50,	'Title Paid 50',	30,	'1583925409490',	1),
(10,	'GT73ACT6K7A43BO0',	'gt73a5w1k7n2pman',	11,	'123389',	'1584009880777',	'1584960280777',	7,	'test1',	11,	'1584009880777',	1),
(11,	'GT73ACKOK6C8IMEP',	'hj5ghkj434h54vg',	12,	'B15060',	'1584107416176',	'1586699416176',	50,	'Title Paid 50',	30,	'1584107416176',	1),
(12,	'GT73ACKOK6C8IMEP',	'hj5ghkj434h54vg',	13,	'B75752',	'1584352629413',	'1586944629413',	50,	'Title Paid 50',	30,	'1584352629413',	1),
(13,	'GT73ACKOK6C8IMEP',	'hj5ghkj434h54vg',	14,	'160336',	'1584426003203',	'1587018003203',	50,	'Title Paid 50',	30,	'1584426003203',	1),
(14,	'GT73A2UHK77ET767',	'hj5ghkj434h54vg',	15,	'B80388',	'1584439452029',	'1587031452029',	50,	'Title Paid 50',	30,	'1584439452029',	1);

DROP TABLE IF EXISTS `subscription_transactions`;
CREATE TABLE `subscription_transactions` (
  `transactions_id` int(11) NOT NULL AUTO_INCREMENT,
  `user_pub_id` varchar(255) NOT NULL,
  `package_pub_id` varchar(255) NOT NULL,
  `trans_id` int(11) NOT NULL,
  `amount` int(11) NOT NULL,
  `payment_status` int(11) NOT NULL,
  `created_at` varchar(255) NOT NULL,
  `updated_at` varchar(255) NOT NULL,
  PRIMARY KEY (`transactions_id`),
  KEY `trans_id` (`trans_id`),
  KEY `amount` (`amount`)
) ENGINE=InnoDB DEFAULT CHARSET=latin1;

INSERT INTO `subscription_transactions` (`transactions_id`, `user_pub_id`, `package_pub_id`, `trans_id`, `amount`, `payment_status`, `created_at`, `updated_at`) VALUES
(8,	'GT73ABWEK626VDL1',	'hj5ghkj434h54vg',	102923,	50,	1,	'1583578591331',	'1583578591331'),
(9,	'GT73ACT6K7A43BO0',	'hj5ghkj434h54vg',	37958,	50,	1,	'1583737853849',	'1583737853849'),
(10,	'GT73ABWEK626VDL1',	'hj5ghkj434h54vg',	105706,	50,	1,	'1583925409487',	'1583925409487'),
(11,	'GT73ACT6K7A43BO0',	'gt73a5w1k7n2pman',	123389,	7,	1,	'1584009880774',	'1584009880774'),
(12,	'GT73ACKOK6C8IMEP',	'hj5ghkj434h54vg',	0,	50,	1,	'1584107416173',	'1584107416173'),
(13,	'GT73ACKOK6C8IMEP',	'hj5ghkj434h54vg',	0,	50,	1,	'1584352629411',	'1584352629411'),
(14,	'GT73ACKOK6C8IMEP',	'hj5ghkj434h54vg',	160336,	50,	1,	'1584426003200',	'1584426003200'),
(15,	'GT73A2UHK77ET767',	'hj5ghkj434h54vg',	0,	50,	1,	'1584439452026',	'1584439452026');

DROP TABLE IF EXISTS `ticket`;
CREATE TABLE `ticket` (
  `id` int(11) NOT NULL AUTO_INCREMENT,
  `user_pub_id` text NOT NULL,
  `description` text CHARACTER SET utf8 NOT NULL,
  `status` int(4) NOT NULL DEFAULT '0' COMMENT '0 pendding 1.reslove 2.close',
  `created_at` varchar(299) NOT NULL,
  `title` text CHARACTER SET utf8 NOT NULL,
  PRIMARY KEY (`id`)
) ENGINE=InnoDB DEFAULT CHARSET=latin1;

INSERT INTO `ticket` (`id`, `user_pub_id`, `description`, `status`, `created_at`, `title`) VALUES
(7,	'DNHX4DORK45C9S9K',	'i have a problem related ...',	1,	'1577094595155',	'try do this'),
(8,	'DNHX4DORK45C9S9K',	'i have a problem related ...',	2,	'1577094748355',	'try do this'),
(9,	'DNHX4DORK45C9S9K',	'i have a problem related ...',	1,	'1577099614804',	'try do this'),
(10,	'DNHX4DORK45C9S9K',	'i have a problem related ...',	1,	'1577099684969',	'try do this'),
(11,	'DNHX4DORK45C9S9K',	'Ohh ljkhlkjhjklhjkhlk. Hong ',	0,	'1578290462676',	'g g ill glkjhjkhjkhljkhjklhjklhklhklh'),
(12,	'GT73ANOUK5DVOPCM',	'I wanna 50 rs because an artist has been taken 50 rs , so please give me back my 50 rs',	0,	'1579069004390',	'I want 50 rs'),
(13,	'GT73ABWEK626VDL1',	'Test ticket ',	0,	'1580801768964',	'Test ticket '),
(14,	'GT73AF5CK66E3K1T',	'test',	0,	'1580825546561',	'hii'),
(15,	'GT73ABWEK626VDL1',	'Adfsadfsadsadsadsadsadsadsdsdsdsdsasdf adsf adsf adsf adsfadsf adsf adsf adsf adf adsf asdfasdf asdfa sdfasdf asdf adsf adf adsf ',	0,	'1580913079334',	'adsfadfadfsasdfadfs'),
(16,	'GT73AFHOK6AB5ONC',	'guchcjvjvjvivjvjvjvjjvjvjvjvjvjvjvhcuchvjvhvjvjvjvjvjvuvjvj uvuvuvuvuvjvjvuvuvuvuvuvuczcvbvnb.   bjknhhjj',	0,	'1580994342296',	'hi'),
(17,	'GT73ABQ6K4IBXVWF',	'Asd',	0,	'1581060075915',	'asd'),
(18,	'GT73ACKOK6C8IMEP',	'Sdf day adsf daar ga adsf ds ds',	0,	'1581485276340',	'asdf adsf asdf adsf adsf adsf adsf '),
(19,	'GT73A8HDK6201YOO',	'Bdbdbdbdbdvsvs',	0,	'1581686646062',	'gehdhdvdvs'),
(20,	'GT73A8HDK6201YOO',	'Bdbdbsbanaksjdvrvf',	0,	'1581686654579',	'hebdbdbdbs SMS'),
(21,	'GT73AJS6K6RT0W1Q',	'chbvg',	0,	'1582275298625',	'gin'),
(22,	'GT73AJS6K6RT0W1Q',	'fghh',	0,	'1582629681389',	'tfvh'),
(23,	'GT73AJS6K6RT0W1Q',	'fghh',	0,	'1582629681606',	'tfvh'),
(24,	'GT73AJS6K6RT0W1Q',	'fthgf',	0,	'1582629925604',	'ggf'),
(25,	'GT73AJS6K6RT0W1Q',	'fthgf',	0,	'1582629925772',	'ggf'),
(26,	'GT73AJS6K6RT0W1Q',	'fthgf',	0,	'1582629925923',	'ggf'),
(27,	'GT73AJS6K6RT0W1Q',	'fthgf',	0,	'1582629926085',	'ggf'),
(28,	'GT73ALLKK6W445IN',	'Gmdnsfsmgtlelylyshgud',	0,	'1582630523766',	'ypkrsmtd'),
(29,	'GT73ALLKK6W445IN',	'Riariatiairqtiqiaiati',	0,	'1582630533925',	'tkraktaktaotwotwl'),
(30,	'GT73A8HDK6201YOO',	'?? ???? ????? ?????? ?? ???? ???',	0,	'1582896008777',	'???? par ??? ???? ????'),
(31,	'GT73AFOSK6RHGLGC',	'try the following document is that they can I am not familiar the following document is that they can see from a local shop at this moment but if we d',	0,	'1582903473499',	'Hi there I have a great day and I will be in the morning and I will be in the morning and I will be in the morning and I will be in the morning and I will'),
(32,	'GT73ACT6K7A43BO0',	'23563321\n',	0,	'1584020530575',	'1234567890'),
(33,	'GT73AM0VK7OMPZZ0',	'?????',	0,	'1584360659079',	'?????'),
(34,	'GT73ABWEK626VDL1',	'?????????????????????',	0,	'1584363656845',	'????????????'),
(35,	'GT73ABWEK626VDL1',	'????????',	0,	'1584363707361',	'??????'),
(36,	'GT73ABWEK626VDL1',	'descriptionTV.text!',	0,	'1584363992931',	'aghsf kjagdf jadhs'),
(37,	'GT73ABWEK626VDL1',	'descriptionTV.text!',	0,	'1584364026714',	'???'),
(38,	'GT73ABWEK626VDL1',	'?????',	0,	'1584364240281',	'??????'),
(39,	'GT73ABWEK626VDL1',	'???',	0,	'1584364367829',	'???'),
(40,	'GT73ABWEK626VDL1',	'',	0,	'1584364505612',	''),
(41,	'GT73ABWEK626VDL1',	'',	0,	'1584364546716',	''),
(42,	'GT73AM0VK7OMPZZ0',	' ',	0,	'1584365065126',	''),
(43,	'GT73AA96K78K31I9',	'Food ',	0,	'1584625242010',	'hi good food good good food food good food food good good food food ');

DROP TABLE IF EXISTS `ticket_comments`;
CREATE TABLE `ticket_comments` (
  `id` int(11) NOT NULL AUTO_INCREMENT,
  `ticket_id` bigint(20) NOT NULL,
  `comment` text CHARACTER SET utf8 NOT NULL,
  `role` int(2) NOT NULL DEFAULT '0',
  `user_pub_id` varchar(100) NOT NULL DEFAULT '0',
  `created_at` varchar(200) NOT NULL,
  PRIMARY KEY (`id`)
) ENGINE=InnoDB DEFAULT CHARSET=latin1;


DROP TABLE IF EXISTS `transaction`;
CREATE TABLE `transaction` (
  `trans_id` int(11) NOT NULL AUTO_INCREMENT,
  `user_pub_id` varchar(255) NOT NULL,
  `amount` float NOT NULL,
  `point` int(11) NOT NULL,
  `trans_status` int(11) NOT NULL DEFAULT '0' COMMENT '0.pending,1.paid',
  `trans_type` int(11) NOT NULL COMMENT '0.payout,1.purchase',
  `created_at` varchar(255) NOT NULL,
  `payment_trans_id` varchar(255) NOT NULL DEFAULT '0',
  PRIMARY KEY (`trans_id`)
) ENGINE=InnoDB DEFAULT CHARSET=latin1;

INSERT INTO `transaction` (`trans_id`, `user_pub_id`, `amount`, `point`, `trans_status`, `trans_type`, `created_at`, `payment_trans_id`) VALUES
(1,	'GT73ABWEK626VDL1',	100,	100,	1,	1,	'1580724669116',	'043507'),
(2,	'GT73ABWEK626VDL1',	100,	100,	1,	1,	'1580724789640',	'037413'),
(3,	'GT73ABWEK626VDL1',	1330,	1330,	1,	0,	'1580725300954',	'0'),
(4,	'GT73A8HDK6201YOO',	370,	370,	0,	0,	'1580729593901',	'0'),
(5,	'GT73ABWEK626VDL1',	100,	100,	1,	1,	'1580736512358',	'043647'),
(6,	'GT73AF5CK66E3K1T',	1000,	1000,	1,	1,	'1580738630122',	'046669'),
(7,	'GT73AF5CK66E3K1T',	800,	800,	1,	1,	'1580808933784',	'050462'),
(8,	'GT73AF5CK66E3K1T',	110,	110,	0,	0,	'1580817118840',	'0'),
(9,	'GT73AF5CK66E3K1T',	100,	100,	1,	1,	'1580824623726',	'032934'),
(10,	'GT73AF5CK66E3K1T',	1000,	1000,	1,	1,	'1580824667439',	'036064'),
(11,	'GT73AFHOK6AB5ONC',	1000,	1000,	1,	1,	'1580993786896',	'055078'),
(12,	'GT73ABWEK626VDL1',	100,	100,	1,	1,	'1581087263034',	'072241'),
(13,	'GT73AFHOK6AB5ONC',	3090,	3090,	0,	0,	'1581146797997',	'0'),
(14,	'GT73ABWEK626VDL1',	2000,	2000,	1,	1,	'1581154896433',	'068179'),
(15,	'GT73ABWEK626VDL1',	5000,	5000,	1,	1,	'1581314720755',	'118222'),
(16,	'GT73A6JVK60SZTOZ',	500,	500,	1,	1,	'1581330452904',	'116240'),
(17,	'GT73A8HDK6201YOO',	500,	500,	1,	1,	'1581513584356',	'108337'),
(18,	'GT73A8HDK6201YOO',	320,	320,	0,	0,	'1581688061504',	'0'),
(19,	'GT73ABWEK626VDL1',	4946,	4946,	0,	0,	'1582180435902',	'0'),
(20,	'GT73ABWEK626VDL1',	20000,	20000,	1,	1,	'1582183756714',	'038754'),
(21,	'GT73AHYQK63FXCXT',	2000,	2000,	1,	1,	'1582203274052',	'056604'),
(22,	'GT73AJS6K6RT0W1Q',	2000,	2000,	1,	1,	'1582207262914',	'057652'),
(23,	'GT73ABWEK626VDL1',	18744,	18744,	0,	0,	'1582913779191',	'0'),
(24,	'GT73ABWEK626VDL1',	1200,	1200,	1,	1,	'1582913917118',	'056472'),
(25,	'GT73A2UHK77ET767',	1500,	1500,	1,	1,	'1582973018443',	'078566');

DROP TABLE IF EXISTS `transaction_history`;
CREATE TABLE `transaction_history` (
  `id` int(11) NOT NULL AUTO_INCREMENT,
  `user_id` varchar(255) NOT NULL,
  `point` int(11) NOT NULL,
  `trans_type` int(11) NOT NULL COMMENT '0.debit,1.credit',
  `invoice_id` varchar(255) NOT NULL COMMENT 'invoice_id,trans_id',
  `target_id` varchar(255) NOT NULL DEFAULT '' COMMENT 'user_id,0.admin',
  `created_at` varchar(255) NOT NULL,
  PRIMARY KEY (`id`)
) ENGINE=InnoDB DEFAULT CHARSET=latin1;

INSERT INTO `transaction_history` (`id`, `user_id`, `point`, `trans_type`, `invoice_id`, `target_id`, `created_at`) VALUES
(1,	'GT73AFOSK6RHGLGC',	146,	0,	'64FM5VO0',	'GT73ABWEK626VDL1',	'1583306089215'),
(2,	'GT73ABWEK626VDL1',	146,	1,	'64FM5VO0',	'GT73AFOSK6RHGLGC',	'1583306089215');

DROP TABLE IF EXISTS `user`;
CREATE TABLE `user` (
  `user_id` int(10) NOT NULL AUTO_INCREMENT,
  `user_pub_id` varchar(100) NOT NULL,
  `email_id` varchar(70) NOT NULL,
  `password` varchar(255) NOT NULL DEFAULT 'NA',
  `mobile_no` varchar(20) NOT NULL DEFAULT 'NA',
  `gender` varchar(20) NOT NULL DEFAULT 'NA' COMMENT '1 male, 2female, 0other',
  `cat_id` varchar(50) NOT NULL DEFAULT 'NA',
  `latitude` double NOT NULL DEFAULT '0',
  `longitude` double NOT NULL DEFAULT '0',
  `name` varchar(50) CHARACTER SET utf8 NOT NULL,
  `description` varchar(400) CHARACTER SET utf8 NOT NULL DEFAULT 'NA',
  `role` int(2) NOT NULL DEFAULT '1' COMMENT '1 user,2 artist',
  `address` varchar(200) CHARACTER SET utf8 NOT NULL DEFAULT 'NA',
  `country_code` varchar(255) CHARACTER SET utf8 NOT NULL DEFAULT '0',
  `qualification` varchar(250) CHARACTER SET utf8 NOT NULL DEFAULT 'NA',
  `image` varchar(255) NOT NULL DEFAULT 'NA',
  `device_id` varchar(255) NOT NULL,
  `device_token` varchar(255) NOT NULL,
  `device_type` varchar(255) NOT NULL,
  `created_at` varchar(255) NOT NULL,
  `updated_at` varchar(255) NOT NULL,
  `status` varchar(5) NOT NULL DEFAULT '0',
  `country` varchar(20) NOT NULL DEFAULT 'NA',
  `city` varchar(20) CHARACTER SET utf8 NOT NULL DEFAULT 'NA',
  `skill_id` varchar(10) NOT NULL DEFAULT 'NA',
  `skill_text` varchar(255) NOT NULL DEFAULT 'NA',
  `referral_code` varchar(200) NOT NULL,
  `signUpBy` tinyint(10) NOT NULL DEFAULT '1',
  `price` int(11) NOT NULL DEFAULT '0',
  `bio` varchar(255) CHARACTER SET utf8 NOT NULL DEFAULT 'NA',
  `job_done` int(100) NOT NULL DEFAULT '0',
  `earning` double NOT NULL DEFAULT '0',
  `email_verified` varchar(200) NOT NULL DEFAULT 'NA',
  `is_private` int(11) NOT NULL DEFAULT '0' COMMENT '1.private',
  `online_type` varchar(255) NOT NULL DEFAULT 'Normal' COMMENT 'Normal,Facebook,Instagram,Twitter',
  `sub_end_date` varchar(255) DEFAULT NULL,
  PRIMARY KEY (`user_id`)
) ENGINE=InnoDB DEFAULT CHARSET=latin1;

INSERT INTO `user` (`user_id`, `user_pub_id`, `email_id`, `password`, `mobile_no`, `gender`, `cat_id`, `latitude`, `longitude`, `name`, `description`, `role`, `address`, `country_code`, `qualification`, `image`, `device_id`, `device_token`, `device_type`, `created_at`, `updated_at`, `status`, `country`, `city`, `skill_id`, `skill_text`, `referral_code`, `signUpBy`, `price`, `bio`, `job_done`, `earning`, `email_verified`, `is_private`, `online_type`, `sub_end_date`) VALUES
(61,	'GT73A61IK4XYK1UK',	'balram.falke@gmail.com',	'$2a$05$yys77fVQfRONWMvcvgLmvu7s44lrmaBvD2NvF802bJvA6SNJpzX7W',	'NA',	'1',	'4',	22.75094157904974,	75.89566625654697,	'srajan falke 1',	'NA jvkhh',	1,	'185, near Vijaynagar Square, Bhagyashree Colony, Indore, Madhya Pradesh 452010, India',	'0',	'NA',	'fannan2/images/image-1582628871288.jpg',	'123456',	'evFzLyyRSWOazh4z_3zI6T:APA91bF-g9o6FWf-5VokkP4sqIdIFvAS_nLY7A0wRGQ6li9O0HleVpJNTuxvOgtNq7ZQu6Xxosl57hBa8jVXVx_0vLBmed5FR5MGzql66F-3ntTKgAUqmiWSnDVWbqkgW0V4UCUfgHqt',	'ANDROID',	'1580129589186',	'1580129589186',	'1',	'NA',	'Indore',	'NA',	'NA',	'Y3OV03',	1,	68,	'NA vuuviv',	0,	0,	'NA',	0,	'Normal',	NULL),
(63,	'GT73A2CPK5Z8KMZI',	'testing1@gmail.com',	'NA',	'NA',	'NA',	'NA',	0,	0,	'test',	'NA',	1,	'NA',	'0',	'NA',	'NA',	'123',	'abc1234',	'android',	'1580297909598',	'1580297909598',	'2',	'NA',	'NA',	'NA',	'NA',	'04GDK1',	1,	0,	'NA',	0,	0,	'NA',	0,	'Facebook',	NULL),
(64,	'GT73A2M9K5Z8NIK3',	'testing11@gmail.com',	'NA',	'NA',	'NA',	'NA',	0,	0,	'test',	'NA',	1,	'NA',	'0',	'NA',	'NA',	'123',	'abc1234',	'android',	'1580298043827',	'1580298043827',	'2',	'NA',	'NA',	'NA',	'NA',	'0L9IKC',	1,	0,	'NA',	0,	0,	'NA',	0,	'Facebook',	NULL),
(65,	'GT73A4QRK60R5TPC',	'a@gmail.com',	'$2a$05$CTnOOr72LijDfjn/Ck.5FeDM5s5x8Lfw/VWio.qkP8u5KTOf2kTIe',	'NA',	'NA',	'NA',	0,	0,	'akash',	'NA',	1,	'NA',	'0',	'NA',	'NA',	'12365',	'ffm',	'ddfg2',	'1580389597344',	'1580389597344',	'2',	'NA',	'NA',	'NA',	'NA',	'BUCXAG',	1,	0,	'NA',	0,	0,	'NA',	0,	'Normal',	NULL),
(66,	'GT73A6JVK60SZTOZ',	'khatrihemant14@yahoo.in',	'NA',	'NA',	'1',	'4',	22.760691223515117,	75.87399601936342,	'Hemant Khatri',	'NAffifififififififi',	1,	'D/M-271-27, Lov Kush Main Rd, Lavkush Awas Vihar Colony, Sector CM, Sukhlia, Indore, Madhya Pradesh 452010, India',	'0',	'NA',	'fannan2/images/image-1580903327796.jpg',	'123456',	'123456',	'ANDROID',	'1580392676627',	'1580392676627',	'1',	'NA',	'ujjain',	'NA',	'NA',	'02OYB0',	1,	100,	'NAjfufuffufuf',	0,	0,	'NA',	0,	'facebook',	NULL),
(68,	'GT73ABWEK626VDL1',	'akashsha129@gmail.com',	'$2a$05$1WE9n9Qv9CrtTzESZuGqduzymhXpmVnpfyMSG56hAchUyQ1wUlq0m',	'9876543210',	'1',	'20',	22.725013242796344,	75.86806800216436,	'aakash',	'Hello I have a question to do this morning and then go to do my work work on the test and I can get you a sdfasdf I have been a lot better and then Im going back home and then Im going to get a  ',	1,	'Indore GPO, Naya Pura Main Road, Indore, India, 452007 ',	'',	'NA',	'fannan2/images/image-1586848152171.png',	'4e234ccfc6493862efc0cd54e963a1b16f0db294a4fcd1f692c8c812d818d5e7',	'dMV0Jyo2tUGHhANTK5n3_H:APA91bH5Goj9nGXBDUQwIHQSFjbTaF-HV2iy7yta4Ld82a6rfQ6aud9mcYbJHR6gUWI40RudwptYpBAAAYssE-rLlOY2YXFtr7bjOIlFkaHFCUNL_ZogCFyrxU9koARY36z44IXM8kxw',	'iOS',	'1580476449925',	'1586846783013',	'1',	'NA',	'Indore ',	'NA',	'NA',	'HYEZSN',	1,	15,	'hi  am a good morning to you I have to work ',	0,	0,	'NA',	0,	'Normal',	'1588762591331'),
(69,	'DNHX4DORK45C9S9K',	'mobileappz007@gmail.com',	'$2a$05$26V8T2Nm.udNH6/mYqZcM.jV0clZksfmhnjWul3ZhRnvI4hVljNQa',	'NA',	'NA',	'1',	0,	0,	'amit',	'NA',	1,	'NA',	'0',	'NA',	'NA',	'1234',	'cwLhcOCFI0F9nvbtq35Ll_:APA91bGa3226iIsuGeCNa63NZpMdrE3X3XLSadxQ57TloLIe2kJNyuNnxOmpKVxtPHIOTsKXrtTR9auPSgX3GlApZM7-ncTZRUq1jQSxH4FUGkAiKeh78WwNEkYulPdMyA0Sfqt4CPvi',	'iOS',	'1580542358926',	'1580542358926',	'0',	'NA',	'NA',	'NA',	'NA',	'LI2RFM',	1,	0,	'NA',	0,	0,	'NA',	0,	'Normal',	NULL),
(70,	'GT73AHYQK63FXCXT',	'gauravshukla.venu@gmail.com',	'$2a$05$xl81vmBNicLohFUWkkBW0eMx2FKrM4HpepJpeEe4bRstbqlEqOnaq	',	'9074610050',	'1',	'1',	22.754547303372757,	75.90345103293657,	'grv rox',	'nothing to do but I can',	1,	'OPD No 1, First floor Bombay Hospital, Scheme No 94 Sector WA, Indore, Madhya Pradesh 452010, India',	'0',	'NA',	'fannan2/images/image-1582102812591.jpg',	'123456',	'fJTA6FfLPY8:APA91bFAprLT64VGv_-VWrZb3o8kRKer_iRYyuF07_RXCc0NtFnjX0mee7mgbFDq25N8S79CCnDgERuCQZjSXBixndLQlvb-JKCY_iFfLmIURiUwoK9uFzltBxA7LfJ6bgR_sp3NS4hy',	'ANDROID',	'1580552125121',	'1582102596229',	'1',	'NA',	'NA',	'NA',	'NA',	'WJ12WN',	1,	150,	'hfvbi',	0,	0,	'NA',	0,	'Normal',	NULL),
(95,	'GT73AE1FK69DRYXK',	'akshan@gmail.com',	'$2a$05$3WElm6Xlck3BadNYRTOzLuJVvfLq949U/M7/A.j8h86pn1xwZ6n3G',	'NA',	'NA',	'NA',	0,	0,	'Arakan',	'NA',	1,	'NA',	'0',	'NA',	'NA',	'123456',	'eA1lUShfLSI:APA91bHPnYnXcon4zxgzl9Nl7-0smKRAFOAh08lQRdhKT2M5N-ibKMusqF1uwX2K-CBmkW6D6L2HVDfNqlO2gSJJ59k4cnoD0rUGJPf2YRmgOfUcSlW0_vJMdKf_odYWKQdrNuj8ZpuF',	'ANDROID',	'1580911311512',	'1580911311512',	'1',	'NA',	'NA',	'NA',	'NA',	'3GWN7P',	1,	0,	'NA',	0,	0,	'NA',	0,	'Normal',	NULL),
(99,	'GT73ACKOK6C8IMEP',	'hemant24.acs@gmail.com',	'$2a$05$RT/Gg6svuRhakibYzTXIYuU/pA4dAzlm1ODvZ8sCIfskPM1PWiJ82',	'7974001909',	'1',	'4',	22.755987154862854,	75.89696813374758,	'hemant',	'Hello I have a question to do this morning and then go to do my work ',	1,	'91A, SCH 54, Ankur Allery, Sector A, AB Rd, Vijay Nagar, Scheme No 74, Indore, Madhya Pradesh 452010, India',	'',	'NA',	'fannan2/images/image-1583992696599.jpg',	'123456',	'123456',	'ANDROID',	'1581083875825',	'1581083875825',	'1',	'NA',	'ujjain',	'NA',	'NA',	'BWW37F',	1,	50,	'Hello I have a question to do this',	0,	0,	'NA',	0,	'Normal',	'1591883416171'),
(108,	'GT73AG2DK6KJNYYP',	'hemantc.khatri@gmail.com',	'NA',	'NA',	'NA',	'NA',	0,	0,	'Hemant Khatri',	'NA',	1,	'NA',	'0',	'NA',	'NA',	'123456',	'123456',	'ANDROID',	'1581586330560',	'1581586330560',	'1',	'NA',	'NA',	'NA',	'NA',	'PCPJCO',	1,	0,	'NA',	0,	0,	'NA',	0,	'google',	NULL),
(111,	'GT73A3RHK6M60ELB',	'ergauravshukla1991@gmail.com',	'NA',	'NA',	'NA',	'NA',	0,	0,	'Gaurav Shukla',	'NA',	1,	'NA',	'0',	'NA',	'NA',	'123456',	'fJTA6FfLPY8:APA91bFAprLT64VGv_-VWrZb3o8kRKer_iRYyuF07_RXCc0NtFnjX0mee7mgbFDq25N8S79CCnDgERuCQZjSXBixndLQlvb-JKCY_iFfLmIURiUwoK9uFzltBxA7LfJ6bgR_sp3NS4hy',	'ANDROID',	'1581684328415',	'1581684328415',	'1',	'NA',	'NA',	'NA',	'NA',	'EASPDO',	1,	0,	'NA',	0,	0,	'NA',	0,	'google',	NULL),
(113,	'GT73A3RHK6M7Q8SL',	'srajan.fe@gmail.com',	'$2a$05$SUVijj3YftaQivLYT7ZuHuCWU5Fjaoy7cJ8Du52Oxw0nHG96P.2Ri',	'NA',	'NA',	'NA',	0,	0,	'srejjdk',	'NA',	1,	'NA',	'0',	'NA',	'NA',	'123456',	'fJTA6FfLPY8:APA91bFAprLT64VGv_-VWrZb3o8kRKer_iRYyuF07_RXCc0NtFnjX0mee7mgbFDq25N8S79CCnDgERuCQZjSXBixndLQlvb-JKCY_iFfLmIURiUwoK9uFzltBxA7LfJ6bgR_sp3NS4hy',	'ANDROID',	'1581687213573',	'1581687213573',	'0',	'NA',	'NA',	'NA',	'NA',	'6IVZZB',	1,	0,	'NA',	0,	0,	'NA',	0,	'Normal',	NULL),
(126,	'GT73AJS6K6RPQUEO',	'srajan@gmail.com',	'$2a$05$WmFBb/3WpjJOPq/tqKw/KOR67KOjTR3X9LVbBozdlvcFwLbHKSF6m',	'NA',	'NA',	'NA',	0,	0,	'Srajansheel ',	'NA',	1,	'NA',	'0',	'NA',	'NA',	'10ceb45a382be4c1c1ca6cd4a161804daca54aa50441c3b482d0897da73ced96',	'fa8V-C5M0k8LvbiNoqO3rZ:APA91bGoGHDwCRFY22gJWzJLsBTCdTeRAx1LPOmTqUGvbS1Th_SXE8BBq0aMcryjoRPEjHwKs3evBEKkt1OlUuyjVfD1NKrj9jwC0LxWJ_lWFWewLWiBGUZl5B_yMxEvQPQ46qQhXMvS',	'iOS',	'1582019805552',	'1582019805552',	'0',	'NA',	'NA',	'NA',	'NA',	'655QVJ',	1,	0,	'NA',	0,	0,	'NA',	0,	'Normal',	NULL),
(130,	'GT73ADXK715VSLP',	'samyotechpvtltd@gmail.com',	'$2a$05$xl81vmBNicLohFUWkkBW0eMx2FKrM4HpepJpeEe4bRstbqlEqOnaq',	'NA',	'1',	'1',	22.74993843797788,	75.89884100233638,	'Amit',	'Gsgshsysvsgsywb e sh svsysvs vagab s',	1,	'Scheme No 53, Indore, India, 452056 ',	'0',	'NA',	'fannan2/images/image-1582608790166.png',	'1234',	'fv0pci7NFUb-kp0NACqVg5:APA91bEaBXQk4ftM7FbhcBgbqIhHMCAzMQsV8z_x8q4yyHjn2MxHYjrXUYpQlJtJLvr-Qvd4NhMB3Lh7hO9RW5qKPRiUJZmFYoeQgSgEg5skMxBodr_Hns8QFjEZnjCPIP4WyeP2m6TC',	'iOS',	'1582591105933',	'1582591105933',	'1',	'NA',	'Indore',	'NA',	'NA',	'CZPZ98',	1,	100,	'ffdhdhhshshshagsvsgatgagsc',	0,	0,	'1',	1,	'Normal',	NULL),
(138,	'GT73AJHCK778SY9L',	'mkaouri@gmail.com',	'$2a$05$L1aFmp7JQ7QgUDFyCFVYJOcSX9Xx5YP8WdeFKG/NcwRnNxF3fIAdy',	'99583411',	'1',	'1',	29.289740496717666,	48.082405590378116,	'Mostafa Kaouri',	'Hi this is MOSTAFA. Im testing the app only',	1,	'Street 2, Salwa, Kuwait, ',	'',	'NA',	'fannan2/images/image-1586802168129.png',	'7d790abab0b30cb8bd905bfd616e6b6ed19a523ec63efea086f2054e83bdc380',	'123456',	'iOS',	'1582958809208',	'1586879680803',	'2',	'NA',	'Salwa',	'NA',	'NA',	'46GSKO',	1,	150,	'testing the app',	0,	0,	'NA',	0,	'google',	'1588762591331'),
(139,	'GT73AJHCK778TODO',	'stevemak@live.com',	'NA',	'NA',	'NA',	'NA',	0,	0,	'Steve Mak',	'NA',	1,	'NA',	'0',	'NA',	'NA',	'7d790abab0b30cb8bd905bfd616e6b6ed19a523ec63efea086f2054e83bdc380',	'dFGWKm84kk65mPrrQkzFQv:APA91bFGTeysmq9zWsCRSFNZfix2-394nEBhlOBe1okNb2aEnFKKaR326p28D9nzytzld9XhG2cD6HgDykV1j1KaALhO4kUseLm2_lK3lw5Ts4XWOX7T4hRmWCbFuKWUVPR7UmbsZLBJ',	'iOS',	'1582958843052',	'1582958843052',	'1',	'NA',	'NA',	'NA',	'NA',	'2M7ZTN',	1,	0,	'NA',	0,	0,	'NA',	0,	'facebook',	NULL),
(140,	'GT73A17SK77AAQ0B',	'balramchawda4019@gmail.com',	'$2a$05$XITzB0rmQ2FZ60AvlNiPIuoLrS/wbEAWnJgS6zdKD9.OV7/PytnaG',	'NA',	'1',	'2',	22.749949400334387,	75.89885322384154,	'Balram ',	'NAAnd this is my description',	1,	'Scheme No 53, Indore, India, 452056 ',	'',	'NA',	'fannan2/images/image-1582961449137.png',	'4e234ccfc6493862efc0cd54e963a1b16f0db294a4fcd1f692c8c812d818d5e7',	'123456',	'ANDROID',	'1582961317931',	'1582961317931',	'1',	'NA',	'Indore Indore',	'NA',	'NA',	'P1BT6F',	1,	800,	'Hey this is my bio',	0,	0,	'1',	0,	'Normal',	NULL),
(141,	'GT73A17SK77AJ5DM',	'dipeshrajputh@gmail.com',	'NA',	'NA',	'NA',	'NA',	0,	0,	'dipesh sisodiya',	'NA',	1,	'NA',	'0',	'NA',	'NA',	'a56194161326a3fa42c76c8830ba3c8ddf727839ba03ac19a50c284578a12378',	'e-yb1TY9_Ui8gJjqDQztfb:APA91bEyHAR2wEFZkgPCQ4sFM_F8FnHybI6_54X8obSKBU51e_eCBxwt_1isyW2pPz4blJ8Pv8QMBHfL0YB-UeyK6Bi3d4kyUmTwDY7v3K3IlyMi2VLdpq7zaSxjeCFXklkYxiIPSkUk',	'iOS',	'1582961711098',	'1582961711098',	'1',	'NA',	'NA',	'NA',	'NA',	'8WASOE',	1,	0,	'NA',	0,	0,	'NA',	0,	'google',	NULL),
(144,	'GT73A2UHK77ET767',	'srajan.falke@gmail.com',	'$2a$05$P/pyTFX6rf.9EpNrg2XHYOqjv34MG73JJB06Pt8mwZVNQ8mQ94UNq',	'NA',	'1',	'2',	22.708214143308172,	75.88134225457907,	'Srajan Falke',	'Hello I have a question to do this morning and then go to do my work work on the test',	1,	'White Church Colony, Indore, India, 452001 ',	'',	'NA',	'fannan2/images/image-1583997345757.png',	'1893bd8190ffae1f692ff9cd9a2d36b7871922bfdcf2d5a574569d522bbf6d61',	'fCvNyfhur0Drk5wwu_zAcA:APA91bFi9PlP6flV2Pl-RpBSRzYr2ZmrGJ2V-XWk5XoqjMmn-Ht9ibU2ZCT6yxVfbFfCcRhGEWStA0AirKK_5DkHbHaT-fOwbpneqjgs1w69V3lLZmdw5q8H7ID82A2V4H3QIaOhS91X',	'iOS',	'1582968898447',	'1585575728596',	'1',	'NA',	'indore',	'NA',	'NA',	'IJX7OT',	1,	200,	'Hello I have a question to do this morning and then go to do my work work on the test',	0,	0,	'NA',	0,	'google',	'1587031452029'),
(145,	'GT73AA96K78K31I9',	'samyotech@gmail.com',	'$2a$05$sW9rK8vF7IPuHQXDQD13Ser1OjYJSaI9fIbC3BVetfhGAXSOnOfxC',	'NA',	'1',	'2',	22.74572822971723,	75.88579639792442,	'Sumit Ji',	'Hi good food food good good food food and good coffee coffee and coffee coffee is good food good good food food good good coffee coffee and coffee coffee is good food good good food food good good   ',	1,	'Bajrang Nagar, Indore, India, 452011 ',	'',	'NA',	'fannan2/images/image-1584624294792.png',	'51169066fd6f9995cb80d469f0f87ec79157676e1b6806c43b21eb4f1fbcf1d9',	'etqijkJB7kk7rQyaViIgEs:APA91bH_k1b1NOSWrkULpK9JhHQK-y7Cqej36CuQpnqzo8Fe0tHUHqywFZEs44tY1dg0AoTUZJmGPeZDJn1dEELqkwxqqx5E8qWC-iCVS4vjZtrwRLL8-WOYFJFDwuOsJa8ea9Cj3UFs',	'iOS',	'1583038221921',	'1584437080046',	'1',	'NA',	'Indore',	'NA',	'NA',	'GU57HR',	1,	150,	'good food food and food is ok food is the   ',	0,	0,	'1',	1,	'Normal',	NULL),
(146,	'GT73ACT6K7A43BO0',	'fannanmanager@gmail.com',	'NA',	'NA',	'1',	'3',	23.333450223503075,	75.7092222198844,	'Fannan App',	'Hello I can not believe I have been in a very long day I have a great work and I am a great staff at the moment and Im so happy to have a good day work out great staff very friendly and I have      ',	1,	'Ghatiya, Ujjain, India, 456006 ',	'',	'NA',	'fannan2/images/image-1585124829695.png',	'acc8c5a6cd8fa64902570275bfbfcdb5c9d82ef80afd675b31dcbc503345053b',	'123456',	'iOS',	'1583132293584',	'1583132293584',	'1',	'NA',	'indore',	'NA',	'NA',	'PZ74EW',	1,	100,	'Bio  is great work for you I love it and   I',	0,	0,	'NA',	0,	'facebook',	'1587280253850'),
(147,	'GT73AM0VK7OMPZZ0',	'contact@mkaouri.com',	'$2a$05$O0ROjV7HZCFE.A.KftHxdOZCxS7nrvOuIdrJRdseygSvBhR/DtTwu',	'NA',	'1',	'4',	0,	0,	'?????',	'NA',	1,	'NA',	'',	'NA',	'fannan2/images/image-1584436079098.png',	'b5e85dcf12e72050a4fdfe90b0f0500af2eaa680680b0ae8717bd5b1427603ea',	'cG4vsx-upEmptAGtkK0c0a:APA91bE2HLQ0si5lFdhGMI1m92Bl1YgiWcjRYJJwsICdX4-bmh0vwNiPdx2Or8K2zMP2tOurwItKIeg3W7iKaVREf-jFzD7YCCaVe5cvkK8IZfEwBYOD2PutsBgLc_V5qX_5wBCAT7SE',	'iOS',	'1584010111068',	'1586801263762',	'1',	'NA',	'NA',	'NA',	'NA',	'CP66SX',	1,	100,	'NA',	0,	0,	'1',	0,	'Normal',	NULL),
(148,	'GT73AF1LK7VFIV97',	'srjflk@gmail.com',	'$2a$05$fZIZ4ADMzt/RypOeI8HoTe/AxdNEjIbM/rvZOxlwycQAOQ67K0bCi',	'NA',	'NA',	'NA',	0,	0,	'raj',	'NA',	1,	'NA',	'0',	'NA',	'NA',	'123456',	'frVHTKIsTGuZJCLpu7b6Mo:APA91bF2QKiBzcehQn9w3t6h1R9HF4n6liCIdsbhqUCddwGBjzR00Cr5PR4gtGI_GujAfhf-ZzgoGmUoA_6gPG4cbL_cfXou05S_XjrY4H3pLoZLmashlK0PWvbUiJvOZZrOXkA9fqO-',	'ANDROID',	'1584421284283',	'1584421284283',	'1',	'NA',	'NA',	'NA',	'NA',	'F495OG',	1,	0,	'NA',	0,	0,	'1',	0,	'Normal',	NULL),
(149,	'GT73AF1LK7VTNTQW',	'rohit.rvbiz@gmail.com',	'$2a$05$pRYMch6rg4tlHxgFbaSXpeFJVFE8zoSfFsQT00XRaUaUvwDYhPIfK',	'NA',	'NA',	'NA',	0,	0,	'Rohit Verma',	'NA',	1,	'NA',	'0',	'NA',	'NA',	'123456',	'cpX0PGfJT0uFUkZjwJ3umd:APA91bGTcxZXa9v38whkly7dg2pfgJYJ1HcIEu6mPdiw1ueSAkbYEm0v3mXirGpHSO9n9hpipl5jYsZNZWDFTaMDH0SOJ09BGc9DzjyzP9SHdKbbmCT3UhI84d-0-jLRf8jkhFseDfRq',	'ANDROID',	'1584445030232',	'1584445030232',	'1',	'NA',	'NA',	'NA',	'NA',	'6PMPT9',	1,	0,	'NA',	0,	0,	'1',	0,	'Normal',	NULL),
(150,	'GT73ANFXK84J9951',	'scubasteveo12345@gmail.com',	'NA',	'NA',	'NA',	'NA',	0,	0,	'Steve Stephanopolis',	'NA',	1,	'NA',	'0',	'NA',	'NA',	'd457264e549a6558aa3b797f03ecbf8f8fb86190396541758b2031bee4b8c2f3',	'dtWPw2_jT09cvBwHBxj1RY:APA91bGgO-pr7H3TTX0APL3f5m5YdOmNxK8LAgDkVHzhKQGX88leN6j0WhjrHpXiVPWjti6bOtcGv9w4ZlPWuvHIjO95GrM20AelEdefyZNJuHBnfUGsgdlsJFFxM1mMX3A3XYEc21wn',	'iOS',	'1584971749765',	'1584971749765',	'1',	'NA',	'NA',	'NA',	'NA',	'2OGDB6',	1,	0,	'NA',	0,	0,	'NA',	0,	'facebook',	NULL),
(151,	'GT73A318K870ZY9M',	'5ip2zvpi8i@privaterelay.appleid.com',	'NA',	'NA',	'NA',	'NA',	0,	0,	'AppleJohn',	'NA',	1,	'NA',	'0',	'NA',	'NA',	'b5cb26d6352c23d781d1e4c1e4ce2c76a9f32929689514417d6b8b7049413c5a',	'deQZrc_DG0qaqTleu8tyET:APA91bECZju7-Lw0j_ZpyK3MyxO_QtO6Cra5zg7d2Eta6zkxyCBXlem28KE2g8IG5t93YuzTY5endoBJuJyj8DkFuY1MfLX1fEkO-LSOXSTGA6oBRC3nwmsUmO7AL3j3z1GrW0-AtI7d',	'iOS',	'1585122481210',	'1585122481210',	'1',	'NA',	'NA',	'NA',	'NA',	'P1KDZ5',	1,	0,	'NA',	0,	0,	'NA',	0,	'apple',	NULL),
(152,	'GT73A318K87AD73B',	'samyotechindore@gmail.com',	'$2a$05$I.Kbmd3bGEEct0gXVJ7Vkup6e0o.qBNWUK8wYkioyvXjgsJfrRFha',	'NA',	'NA',	'NA',	0,	0,	'SamyotechLabs',	'NA',	1,	'NA',	'0',	'NA',	'NA',	'642e79c3a8d2338a769a41107c94c49a4e0219511e7e786e0715f03ecb0ccd31',	'123456',	'iOS',	'1585138215719',	'1586956922089',	'1',	'NA',	'NA',	'NA',	'NA',	'QEYCE8',	1,	0,	'NA',	0,	0,	'NA',	0,	'apple',	NULL),
(153,	'GT73A318K87S5X93',	't9ys8haa4r@privaterelay.appleid.com',	'NA',	'NA',	'NA',	'NA',	0,	0,	'AppleJohn',	'NA',	1,	'NA',	'0',	'NA',	'NA',	'd9ce881533e40c5e2b5f1b1b38561a24085c1c62bec2275cb6e453fddd8bac35',	'cSL8hhKeVk_gpi7NM9s6mg:APA91bHXnS82FdT95Cpv7Gcgx1v_IiSWeLWcCItCHp3k2GwlnB2WusMtdJP5fe7LbaRFH2I54pjQM3VUPugUTSntA2DxSGfFCmDNfqOjJ7oHzokL6r04U7QS_Bi13wvVXdqop7N549Va',	'iOS',	'1585168109463',	'1585168109463',	'1',	'NA',	'NA',	'NA',	'NA',	'YBHW5B',	1,	0,	'NA',	0,	0,	'NA',	0,	'apple',	NULL),
(154,	'GT73AH84K8D0K0OC',	'duttdutt52@gmail.com',	'NA',	'NA',	'NA',	'NA',	0,	0,	'SHARAD DUTT BAJPAI',	'NA',	1,	'NA',	'0',	'NA',	'NA',	'123456',	'cE2RXQLeRcCYTrpHCLCvHs:APA91bGCNh5KB4_J-i2-mB1uanYkeVZQ0RV0qgbEsXSiDTBrfvehmUNWF1peTLd6Jy1zKjjw8DixjZPSACXWhrDzT_jBoO6fRVeypXydA6Qq1JRmBTRxohdvkuW9-Iqa1nLhGbQSiKtj',	'ANDROID',	'1585484534892',	'1585484534892',	'1',	'NA',	'NA',	'NA',	'NA',	'H671LO',	1,	0,	'NA',	0,	0,	'NA',	0,	'google',	NULL),
(155,	'GT73ABLLK8KN34DJ',	'Hamza_ktr@live.com',	'$2a$05$tTNRfeOsOR5V8eGTO4JS4.dlcPmD0B0dVQTqztTiyt2Wu76/ZpGsa',	'NA',	'NA',	'NA',	0,	0,	'Mohammad Hamza',	'NA',	1,	'NA',	'0',	'NA',	'NA',	'123456',	'dR5Nk48SSZSbowV-2kJJll:APA91bF3TRW4-LFpeCbsNohlNJ2GUxgbtDZwQxL3JOHZzH5dtcxPbVNn2vXYEVqck6gJP-iIkCOoLTNsvKVL4cNKTqK7KwYzxImLyKOKBj_7b2RIuVcjYrTGS9eYxvlNNdMG6caVsYjB',	'ANDROID',	'1585945640935',	'1585945640935',	'1',	'NA',	'NA',	'NA',	'NA',	'QSB105',	1,	0,	'NA',	0,	0,	'NA',	0,	'Normal',	NULL),
(156,	'GT73AFGDK8LS5OLH',	'support@laywork.com',	'$2a$05$iFWwuuVqGofyFD473JkQVeynG0TM8FWhrC415C65aI48gufJ46OKy',	'NA',	'NA',	'NA',	0,	0,	'Mkaouri',	'NA',	1,	'NA',	'0',	'NA',	'NA',	'4266bcdd487acf5f11e9084273bf86ad1b5a4900d2fa206f9a099075aebb0c13',	'dKT2IIU99kf0oAgX27ZOWk:APA91bFVQtHJE5FUXWsI1pwAtp3IrTLDSSob0MrjJSMMsbdste4Uo2y5ajlz5A-C5Cqs5LoiqGfaxGfe84KjbHWcVhiL3IFrWtiro6hYpaT0B9r-PgGPuIJV5SpJPoclV_7E7oVw2BYt',	'iOS',	'1586014624709',	'1586801195542',	'1',	'NA',	'NA',	'NA',	'NA',	'KRK8H6',	1,	0,	'NA',	0,	0,	'NA',	0,	'Normal',	NULL),
(157,	'GT73AHOUK8LVWL79',	'admin@laywork.com',	'$2a$05$cpmWSdLezYlDi97TO7KvTeFEWyJ1oJu5j/F7o8KT4wme3/NicpzwO',	'NA',	'1',	'18',	29.289764615824335,	48.08242119268382,	'Admin',	'NA',	1,	'Street 2, Salwa, Kuwait, ',	'',	'NA',	'fannan2/images/image-1586800223174.png',	'4266bcdd487acf5f11e9084273bf86ad1b5a4900d2fa206f9a099075aebb0c13',	'123456',	'iOS',	'1586020918869',	'1586802723306',	'1',	'NA',	'Salwa',	'NA',	'NA',	'PE9CIH',	1,	0,	'NA',	0,	0,	'1',	0,	'Normal',	NULL),
(158,	'GT73AIRXK8MZBZVP',	'alimohamadsabra63@yahoo.com',	'$2a$05$cK9xPSX1P4.6y042vuK/MeOOzFGwWzQS9YQ9JCL082xVrrVbpKiF.',	'NA',	'NA',	'NA',	0,	0,	'Ali Mohamad Sabra',	'NA',	1,	'NA',	'0',	'NA',	'NA',	'57dabcfb3ecd71c30eaea8605075936d48079b7fd0fd09c0fbe8268445356c78',	'cRf8NBfvTEdUjINbQBx2dH:APA91bFXsYWRuWvFIVMEm5cC1WHtTLdN9q8205bwWLuWiS0_AqZp1x6GysSaJBOEwEBm0je1CunrszqTKpnURk38A63HTjVFX6Yfc1wCHskzYZFYKzuIbmk3qGjdIF7VpCC96LxD8hXV',	'iOS',	'1586087142757',	'1586087142757',	'1',	'NA',	'NA',	'NA',	'NA',	'0CWFFB',	1,	0,	'NA',	0,	0,	'1',	0,	'Normal',	NULL),
(159,	'GT73AIRXK8N1OV3N',	'iviernaivoble@gmail.com',	'$2a$05$WQZnKoQGvaOosNOTuRqTA.l4fcw98GAkGyXLrwqOz9askhZoJtdge',	'NA',	'NA',	'NA',	0,	0,	'Merna Shaker',	'NA',	1,	'NA',	'0',	'NA',	'NA',	'624995dfb201c5268ab2c89851c6100ff19c5682369f6f708c2281b75b38e9b5',	'dooeSIfEoEi7hGDmRyMWry:APA91bFmANO3okqtcyvpZgMWVdibwjhO9ME2lLcXjnRdpUO-jM02sMMLYzKmiUevumZjCtYnkV8nbTJWZ2ZJuIlJ3KpHCF2bd_MU2QM-OSlBzL8uoZnbVz0aR20iTX0jvoZvssbsKQ0v',	'iOS',	'1586091102323',	'1586091102323',	'1',	'NA',	'NA',	'NA',	'NA',	'D7LBOJ',	1,	0,	'NA',	0,	0,	'1',	0,	'Normal',	NULL),
(160,	'GT73AIRXK8N99UWP',	'rafiktourbay@gmail.com',	'$2a$05$E4T6p6pD1zZ2.3/xk5k9pe4WgxBcxJi0s0uhIzeEoRvNxRT23Fje2',	'01284002046',	'1',	'12',	30.102520370883962,	31.325330659776295,	'Rafik Tourbay',	'I am a young graphic designer in the industry, I have been successfully designing professionally for over 4+ years now. ',	1,	'Al Bostan, Abd Allah El Nadeem, Misr Al Gadida, Egypt, 11351 ',	'',	'NA',	'fannan2/images/image-1586104207856.png',	'110bfb31d47c6eb7c7eafd7049446460b428c8fb03ba74bc2c1ff249ae4f76fb',	'fZxxdc_jsU6rkfKxoqWGjO:APA91bGOUxMQcGUGp74jQfiuh1vCCNV61_3XdwYvZOhp2q74PfM6lMv4iBwhceUVJXlhzdFms5KdsyPyB5jrLjTx4-bK0n_Cx7cOWVyVgeM1NmsMANeplTCIdJcxZngkaZUZmTjD7A6_',	'iOS',	'1586103839161',	'1586103839161',	'1',	'NA',	'Cairo',	'NA',	'NA',	'82FLIT',	1,	0,	'Your Graphic Designer',	0,	0,	'1',	0,	'Normal',	NULL),
(161,	'GT73AMUBK8OIJ8KB',	'malak.hallal5@gmail.com',	'NA',	'NA',	'NA',	'NA',	0,	0,	'Malak Hallal.S',	'NA',	1,	'NA',	'0',	'NA',	'NA',	'123456',	'dNUAT8_sQIKpVWTQxbl8GH:APA91bGp52LI6SRuE7TdaCt46cEkogAp9Ze5B0_RC2vVqSUAXEfpirxpgi0nsziJN21vaLSLMuNe_c6TRtC5aTQy3Xaf_XTBo43O1NHFWkAuj51nlwLYiadS8Ks6M5NV-re4Lm0hd-_G',	'ANDROID',	'1586179859483',	'1586179859483',	'1',	'NA',	'NA',	'NA',	'NA',	'310618',	1,	0,	'NA',	0,	0,	'NA',	0,	'google',	NULL),
(162,	'GT73AOBCK8P20SD3',	'kadozil@yahoo.com',	'NA',	'NA',	'NA',	'NA',	0,	0,	' ',	'NA',	1,	'NA',	'0',	'NA',	'NA',	'123456',	'c_ACkgV-TuaXz4GMzsDXwz:APA91bEmahEKS8h1pmCQQ-4HSlOOCT8LNP9lFYK3c7tpzGyCCZzPOpFnncJiAnY7zSPgKZU6Z67BuS9sC306xu9vW7_IEw3WgHt2-vMalmzvo3i2KcQ7CRjyEaKg2vZNHylUT34YXvYI',	'ANDROID',	'1586212590999',	'1586212590999',	'1',	'NA',	'NA',	'NA',	'NA',	'PTPKJ4',	1,	0,	'NA',	0,	0,	'NA',	0,	'facebook',	NULL),
(163,	'GT73ADE5K8VC1CGM',	'kapooahmed83@yahoo.com',	'NA',	'NA',	'NA',	'NA',	0,	0,	'hm p',	'NA',	1,	'NA',	'0',	'NA',	'NA',	'123456',	'cqNsMiChSCCvR32XZvAeKC:APA91bEdPM6wXeuSD4TFoNMin0Akoch8WM6HFyAIOoKPlX9F1KYUQDxdzgoiSJS9xiR5_QHr-fFSjXXQ-tSHUHIS5xcrQ4s6jhlFAe2N6kwRykV1SbFEWgxIrQ58LuOTAUp4n4k1eAdu',	'ANDROID',	'1586592210261',	'1586592210261',	'1',	'NA',	'NA',	'NA',	'NA',	'KL0WBE',	1,	0,	'NA',	0,	0,	'NA',	0,	'facebook',	NULL),
(164,	'GT73AKWAK8YS3WGA',	'mwt8jsn572@privaterelay.appleid.com',	'NA',	'NA',	'1',	'19',	29.289727356946624,	48.08241825349555,	'Mostafa Kaouri',	'NA',	1,	'Street 2, Salwa, Kuwait, ',	'',	'NA',	'fannan2/images/image-1586800996095.png',	'4266bcdd487acf5f11e9084273bf86ad1b5a4900d2fa206f9a099075aebb0c13',	'123456',	'iOS',	'1586800601865',	'1586800601865',	'1',	'NA',	'Salwa',	'NA',	'NA',	'AFI964',	1,	0,	'NA',	0,	0,	'NA',	0,	'apple',	NULL),
(165,	'GT73AN9ZK8ZKZ51C',	'mahabharat@gm.com',	'$2a$05$MCVZPT5BsETcF.aOmz/IhO/GqW5cIyv8vxUiUIqXpCGHKTeDYYFhy',	'NA',	'1',	'10',	19.676123081391804,	73.45667190849782,	'Mahabharata',	'Great ',	1,	'Shahapur, Thane, India, 421602 ',	'',	'NA',	'fannan2/images/image-1586849224229.png',	'1234',	'123456',	'iOS',	'1586849088576',	'1586849088576',	'1',	'NA',	'Mumbai',	'NA',	'NA',	'QQ0IYO',	1,	100,	'we are not a fan but we are going back and  ',	0,	0,	'1',	0,	'Normal',	NULL),
(167,	'GT73AJVAK900ZN5D',	'ramayan@gm.com',	'$2a$05$YS/447s4cXfDRbDTahBCk.9pRKuWXwb0mIq9HFPP17Z.PkPVDPm2y',	'NA',	'1',	'1',	22.7533,	75.8937,	'Ramayan w',	'Great ',	1,	'Vijay Nagar, Indore, India, 452010 ',	'',	'NA',	'fannan2/images/image-1586876051213.png',	'1234',	'123456',	'iOS',	'1586875985905',	'1586875985905',	'1',	'NA',	'Indore',	'NA',	'NA',	'9ORURY',	1,	0,	'Im a bit late to the work I work on a   day',	0,	0,	'1',	0,	'Normal',	'1618411985905'),
(169,	'GT73AATJK91FGG3L',	'abhishek@mailinator.com',	'$2a$05$rpXS1vLjn66VkWZH9d8qo.rqJHQwdeYiIjQB0nBjMkZqSh9t7d22C',	'9098790987',	'1',	'NA',	0,	0,	'abhishek',	'test',	1,	'address',	'0',	'q',	'NA',	'',	'',	'',	'1586960750721',	'1586960750721',	'1',	'in',	'in',	'NA',	'NA',	'HQXEZN',	1,	0,	'bio',	0,	0,	'1',	0,	'Normal',	'1618496750722'),
(170,	'GT73ABL9K91H1LMN',	'd@gm.com',	'$2a$05$tFHleDGCESZJ3Y/t/WtrEOeM/isSvce1.Hhc4o0Fm8J7SGR3INDZm',	'9876543210',	'1',	'NA',	0,	0,	'd',	'ads kajhdfjkl ahdfs',	1,	'ajkdsfh ljkadfh ',	'0',	'jkdfh jkladhs',	'NA',	'',	'eoJxUPu5FEssh6cYNLXSsV:APA91bEwCrxlu1OMPFOcxmkz89Pi4eh6jbaVBzUVbV9YKntRXDa7KeoGkP30GqX09id02wmlZhtvOpCuI1HUQ56WGhuMlgiEs7SZ95K7r_0YuQJU9WfvIHhc_v-p5YoqqBLDh6Gey2KC',	'iOS',	'1586963417279',	'1586963417279',	'1',	'jkahsf jklahd',	'ajkfh lakfh',	'NA',	'NA',	'D2ECY5',	1,	0,	'adfjsh ladfsh',	0,	0,	'1',	0,	'Normal',	'1618499417279'),
(171,	'GT73AFZ5K93X35LK',	'bkuldeep493@gmail.com',	'NA',	'NA',	'NA',	'NA',	0,	0,	'Kuldeep Bhavsar',	'NA',	1,	'NA',	'0',	'NA',	'NA',	'123456',	'dYSQiB1VT2u6idqoufmxL6:APA91bGX6X0kr6gz4aBXb63KCBSht6pecijgNjDWIkbOC5ALbAHMwQlxO15e-5-gpNethu7Jf9fdlehHVhEz59gi-ieF3cYGGDcqoJvXPfe07Zt52bgSF4SRvxvOaAdGPpfL2osnPfR0',	'ANDROID',	'1587111296025',	'1587111296025',	'1',	'NA',	'NA',	'NA',	'NA',	'CVD20C',	1,	0,	'NA',	0,	0,	'NA',	0,	'google',	NULL),
(172,	'GT73AHB3K94FE9BU',	'user1@gmail.com',	'$2a$05$z21gtSKSm9Obt7dGeXnYGeTzGIYXdXUdFy66krqosPRYXNlTtn0KO',	'99583411',	'2',	'12',	29.318400739234004,	48.05275049060583,	'Hala',	'Graphic Designer',	1,	'Abu Thar Al-Ghafari Street Lane 3, Kuwait, ',	'',	'Adobe illustrator',	'fannan2/images/image-1587142416074.png',	'',	'123456',	'iOS',	'1587142047162',	'1587142047162',	'1',	'Kuwait',	'Kuwait City',	'NA',	'NA',	'K8HMVW',	1,	0,	'10 years of experience in graphic design',	0,	0,	'1',	0,	'Normal',	'1618678047162'),
(173,	'GT73AFZ5K94FNJFK',	'user2@gmail.com',	'$2a$05$GMqRfL9z8SD2Yj8lQLpWiuOezuiF33b1txQPKf41gs9brHddW2xla',	'NA',	'1',	'18',	29.337700964064336,	48.08526657521725,	'Sam',	'I can develop any software you need ',	1,	'Amro Bin Al-Aas Street, Salmiya, Kuwait, ',	'',	'NA',	'fannan2/images/image-1587144159098.png',	'4266bcdd487acf5f11e9084273bf86ad1b5a4900d2fa206f9a099075aebb0c13',	'dKT2IIU99kf0oAgX27ZOWk:APA91bFVQtHJE5FUXWsI1pwAtp3IrTLDSSob0MrjJSMMsbdste4Uo2y5ajlz5A-C5Cqs5LoiqGfaxGfe84KjbHWcVhiL3IFrWtiro6hYpaT0B9r-PgGPuIJV5SpJPoclV_7E7oVw2BYt',	'iOS',	'1587142480161',	'1587142480161',	'1',	'NA',	'Salmiyah ',	'NA',	'NA',	'TRCX9D',	1,	50,	'12 years experience in .Net and Java',	0,	0,	'1',	0,	'Normal',	'1618678480161'),
(174,	'GT73AFZ5K94FUGY5',	'user3@gmail.com',	'$2a$05$FN/0ntFkhmOgcC5odaOJiuCd5c/DriwYCl9ELb6P0rbbfuoCpJg42',	'NA',	'1',	'27',	29.378845113403102,	47.99457907676697,	'Waseem',	'I can help you in boosting your business with my long term experience in businesses',	1,	'Street 160, Kuwait City, Kuwait, ',	'',	'NA',	'fannan2/images/image-1587142980040.png',	'4266bcdd487acf5f11e9084273bf86ad1b5a4900d2fa206f9a099075aebb0c13',	'123456',	'iOS',	'1587142803534',	'1587142803534',	'1',	'NA',	'Kuwait',	'NA',	'NA',	'EKW3ZJ',	1,	475,	'More than 22 years in business consulting ',	0,	0,	'1',	0,	'Normal',	'1618678803534'),
(175,	'GT73AFZ5K94FZJTL',	'user4@gmail.com',	'$2a$05$J6tC2xCssRpmx3hQaeYa.eayUxttO8JjRtD3OgbKSiUWo8VBCFQBW',	'NA',	'NA',	'24',	29.346864865477627,	48.09061858803034,	'Julia',	'Let me help you to run a successful digital marketing campaign for your business ',	1,	'Salem Al-Mubarak Street Lane 11, Salmiya, Kuwait, ',	'',	'NA',	'fannan2/images/image-1587144009206.png',	'4266bcdd487acf5f11e9084273bf86ad1b5a4900d2fa206f9a099075aebb0c13',	'123456',	'iOS',	'1587143040538',	'1587143040538',	'1',	'NA',	'Salmiya ',	'NA',	'NA',	'UEN7W5',	1,	300,	'Experience in Digital Marketing ',	0,	0,	'1',	0,	'Normal',	'1618679040538'),
(176,	'GT73AFZ5K94G4HN6',	'user5@gmail.com',	'$2a$05$1kM0rIfDwiFNc2d.oZXB0erurK4LymCaZU4LtzVt4jlGx6hzN1Cai',	'NA',	'1',	'13',	29.281438694457318,	48.066439144313335,	'Hamad',	'I can create video animation for any project ',	1,	'Street 7, Mishrif, Kuwait, ',	'',	'NA',	'fannan2/images/image-1587143457587.png',	'4266bcdd487acf5f11e9084273bf86ad1b5a4900d2fa206f9a099075aebb0c13',	'123456',	'iOS',	'1587143270996',	'1587143270996',	'1',	'NA',	'Mishref ',	'NA',	'NA',	'0A8PCG',	1,	550,	'Experience in Video animation',	0,	0,	'1',	0,	'Normal',	'1618679270996'),
(177,	'GT73A1UOK989BRQM',	'mazzzz79@hotmail.com',	'NA',	'NA',	'NA',	'NA',	0,	0,	'Mazen Abu Dawood',	'NA',	1,	'NA',	'0',	'NA',	'NA',	'123456',	'c4zI3B_BSB-r4lDSbY-gr7:APA91bHs1_FOjUFAFnF2OKdxq5vWoOQbTBsXI44kWDBrx7KUUH28U_ZV2OAdyB5ttSHc9A9f5pzkYQ3XuC1rZy1nTb3pjHDss33x14yMn3rlKEHGiVCVCvae96TWHNtWPQTLzpqgre-i',	'ANDROID',	'1587373718062',	'1587373718062',	'1',	'NA',	'NA',	'NA',	'NA',	'FXZFAF',	1,	0,	'NA',	0,	0,	'NA',	0,	'facebook',	NULL),
(178,	'GT73A1UOK990F0GO',	'dr.smart_88@live.com',	'NA',	'NA',	'NA',	'NA',	0,	0,	'Ph Zahraa Zheim',	'NA',	1,	'NA',	'0',	'NA',	'NA',	'123456',	'eh8_I2YCSP-x0QNYs_xNpv:APA91bHEvi1u9cA5yOSY6cVgkJrvASfogRip06Wx70urR32oK8tWsevJNWOPZwYp1UYuOeWBzsRam9h-6UsG_NDzxa062mtUtLonqb_os6-hBVTFn-b-6bMZycaBYcEMnYFMw1AJ6CVj',	'ANDROID',	'1587419218968',	'1587419218968',	'1',	'NA',	'NA',	'NA',	'NA',	'XQSR6G',	1,	0,	'NA',	0,	0,	'NA',	0,	'facebook',	NULL),
(179,	'GT73A1UOK991IKMK',	'axmadx@yahoo.com',	'NA',	'NA',	'NA',	'NA',	0,	0,	'Ahmad Kaouri',	'NA',	1,	'NA',	'0',	'NA',	'NA',	'123456',	'd5r9a4AwQTuARckGjSmTrU:APA91bE7FuqCduc-04fnQX1TQz7ISj51qrn95sjJyrYlAQnH0K3HH6CzzLoveHr5C6fZttFMJjJbWwsDoYo0UY_I89r72ksgBn5tN_3iUEsDch8nXFhl8qws7yQCHLjMVWwQhVxmt6fc',	'ANDROID',	'1587421064684',	'1587421064684',	'1',	'NA',	'NA',	'NA',	'NA',	'SGZIIS',	1,	0,	'NA',	0,	0,	'NA',	0,	'google',	NULL),
(181,	'GT73AB5PK9CDIQ3S',	'simplovic@gmail.com',	'NA',	'NA',	'NA',	'NA',	0,	0,	'Badrou Karboua',	'NA',	1,	'NA',	'0',	'NA',	'NA',	'123456',	'dyDC7JvKRKy6YMaJW3hGSp:APA91bGjr_59SpbMHwDZavkK-KgYtTy6tyvBJvB0JHoOQRUfRPIIb1obFo9R6yvO-awdB0_XKkQdQs71_Llt8I6C7Jcbpq4Hmf3PcZvqKotugxMzvZvvcomCoNqOKFtWq4QbsQjl2tLd',	'ANDROID',	'1587622625704',	'1587622625704',	'1',	'NA',	'NA',	'NA',	'NA',	'UNIDWW',	1,	0,	'NA',	0,	0,	'NA',	0,	'google',	NULL),
(182,	'GT73AB5PK9CIXNML',	'anouarkerkich1@gmail.com',	'NA',	'NA',	'NA',	'NA',	0,	0,	'Anouar Kerkich',	'NA',	1,	'NA',	'0',	'NA',	'NA',	'123456',	'fYA59f4KTYKGw5h9yzr-yf:APA91bFAB-TMqKc2iV9tXm34ZwBcDgEgrrD_MtVqZi-kC4s4k1jVr31R-dRNNNgqaRpbvN2rwIVSQiXLDOJQI9W3YaEuJELs4R40D_xaxSiI8eQsKZgD1VdutC2CWSH2RTKU6Zb44Fu_',	'ANDROID',	'1587631720413',	'1587631720413',	'1',	'NA',	'NA',	'NA',	'NA',	'YBNKZ9',	1,	0,	'NA',	0,	0,	'NA',	0,	'google',	NULL),
(183,	'GT73AB5PK9CP8IJ5',	'louhabiyacin@gmail.com',	'NA',	'NA',	'NA',	'NA',	0,	0,	'Yacin Louhabi',	'NA',	1,	'NA',	'0',	'NA',	'NA',	'123456',	'123456',	'ANDROID',	'1587642304721',	'1587642304721',	'1',	'NA',	'NA',	'NA',	'NA',	'3GBCQS',	1,	0,	'NA',	0,	0,	'NA',	0,	'google',	NULL),
(184,	'GT73AB5PK9CQ35IH',	'radouanemecoso@gmail.com',	'$2a$05$DXHrJ5n8aVLQFJK8icJez.aVGXwdcfVcXxfFuqvNRDYgGEsxBiI5O',	'NA',	'NA',	'NA',	0,	0,	'Radouane Maazouz',	'NA',	1,	'NA',	'0',	'NA',	'NA',	'123456',	'c9oAEh-1S-ycj-HLQyDm_y:APA91bGIJTeuuVeGmLIjh5GiBTF88tOje28gYp6harsWneWp4oxS6hBJepZSPQRr2yP1WNmj9vhHTAZMHWqjvz013JCJBcU2QcTtN7weVv3fnSSkoKiSgb6QPP14l7qKArF-K-z6wMQD',	'ANDROID',	'1587643734186',	'1587643734186',	'1',	'NA',	'NA',	'NA',	'NA',	'WZHSN0',	1,	0,	'NA',	0,	0,	'1',	0,	'Normal',	'1619179734186');

DROP TABLE IF EXISTS `user_coupon`;
CREATE TABLE `user_coupon` (
  `id` int(11) NOT NULL AUTO_INCREMENT,
  `user_pub_id` varchar(255) NOT NULL,
  `invoice_id` varchar(255) NOT NULL,
  `coupon_id` int(11) NOT NULL,
  `created_at` varchar(255) NOT NULL,
  PRIMARY KEY (`id`)
) ENGINE=InnoDB DEFAULT CHARSET=latin1;

INSERT INTO `user_coupon` (`id`, `user_pub_id`, `invoice_id`, `coupon_id`, `created_at`) VALUES
(1,	'GT73AFOSK6RHGLGC',	'64FM5VO0',	2,	'');

DROP TABLE IF EXISTS `user_point`;
CREATE TABLE `user_point` (
  `id` int(11) NOT NULL AUTO_INCREMENT,
  `user_id` varchar(255) NOT NULL,
  `point` int(11) NOT NULL,
  `created_at` varchar(255) NOT NULL DEFAULT '',
  `updated_at` varchar(255) NOT NULL DEFAULT '',
  PRIMARY KEY (`id`)
) ENGINE=InnoDB DEFAULT CHARSET=latin1;

INSERT INTO `user_point` (`id`, `user_id`, `point`, `created_at`, `updated_at`) VALUES
(1,	'GT73A61IK4XYK1UK',	190,	'2020-01-24 05:51:56.252',	'2020-01-24 10:49:27'),
(2,	'GT73ANOUK5DVOPCM',	2640,	'2020-01-24 05:51:56.252',	'2020-01-24 10:49:27'),
(3,	'DNHX4DORK45C9S9K',	1850,	'0',	''),
(4,	'GT73A2DEK5WGCY4I',	100,	'0',	''),
(5,	'GT73A1IAK5Z7NR53',	0,	'0',	''),
(6,	'GT73A2CPK5Z8KMZI',	0,	'0',	''),
(7,	'GT73A2M9K5Z8NIK3',	0,	'0',	''),
(8,	'GT73A4QRK60R5TPC',	0,	'0',	''),
(9,	'GT73A6JVK60SZTOZ',	695,	'0',	''),
(10,	'GT73A8HDK6201YOO',	0,	'0',	''),
(11,	'GT73ABWEK626VDL1',	1346,	'0',	''),
(12,	'GT73AHYQK63A41AM',	0,	'0',	''),
(13,	'GT73AHYQK63FXCXT',	1846,	'0',	''),
(14,	'GT73AJQQK63HSF56',	0,	'0',	''),
(15,	'GT73AKMLK63MNTHB',	0,	'0',	''),
(16,	'GT73AKMLK63MRZGY',	0,	'0',	''),
(17,	'GT73AKMLK63MV6PX',	0,	'0',	''),
(18,	'GT73AMKVK63OOCT4',	0,	'0',	''),
(19,	'GT73A17BK65ZTUK2',	0,	'0',	''),
(20,	'GT73A6EYK663B1XN',	0,	'0',	''),
(21,	'GT73A6XGK663KXLZ',	0,	'0',	''),
(22,	'GT73A768K663P25B',	0,	'0',	''),
(23,	'GT73A7FBK663Y1QE',	0,	'0',	''),
(24,	'GT73A7X6K6644GK2',	0,	'0',	''),
(25,	'GT73A860K6649VBH',	0,	'0',	''),
(26,	'GT73A8F4K664BRME',	0,	'0',	''),
(27,	'GT73A8Y2K664HM6V',	0,	'0',	''),
(28,	'GT73A9WMK664UGCD',	0,	'0',	''),
(29,	'GT73AA5SK6655887',	0,	'0',	''),
(30,	'GT73AAP4K665G4DF',	0,	'0',	''),
(31,	'GT73ACAYK6691V76',	0,	'0',	''),
(32,	'GT73ACSQK6699OLT',	0,	'0',	''),
(33,	'GT73AEBJK66AUE5I',	0,	'0',	''),
(34,	'GT73AEL4K66AWKXC',	0,	'0',	''),
(35,	'GT73AF5CK66E3K1T',	950,	'0',	''),
(36,	'GT73ADDBK69BSNC8',	0,	'0',	''),
(37,	'GT73ADDBK69CHZLK',	0,	'0',	''),
(38,	'GT73AE1FK69DRYXK',	0,	'0',	''),
(39,	'GT73AFHOK6AB5ONC',	2397,	'0',	''),
(40,	'GT73AI6IK6ABA78J',	845,	'0',	''),
(41,	'GT73A1JBK6BXU1EK',	0,	'0',	''),
(42,	'GT73ACKOK6C8IMEP',	49763,	'0',	''),
(43,	'GT73AGFTK6HOEYNM',	89,	'0',	''),
(44,	'GT73AJ98K6HQNQDU',	0,	'0',	''),
(45,	'GT73AMREK6HXR970',	0,	'0',	''),
(46,	'GT73AMSMK6HYE1JY',	0,	'0',	''),
(47,	'GT73A5HZK6J4R4PM',	0,	'0',	''),
(48,	'GT73A5RQK6J4XNLV',	0,	'0',	''),
(49,	'GT73A60TK6J4YYOY',	0,	'0',	''),
(50,	'GT73A61FK6J503C6',	390,	'0',	''),
(51,	'GT73AG2DK6KJNYYP',	0,	'0',	''),
(52,	'GT73AGD0K6KJZBMI',	0,	'0',	''),
(53,	'GT73A3RHK6LYANUW',	0,	'0',	''),
(54,	'GT73A3RHK6M60ELB',	0,	'0',	''),
(55,	'GT73A3RHK6M69ROX',	0,	'0',	''),
(56,	'GT73A3RHK6M7Q8SL',	0,	'0',	''),
(57,	'GT73AOKLK6QBV22F',	0,	'0',	''),
(58,	'GT73A189K6QGW37K',	0,	'0',	''),
(59,	'GT73AED2K6RGKGZ5',	0,	'0',	''),
(60,	'GT73AED2K6RGKLC3',	0,	'0',	''),
(61,	'GT73AEVPK6RGOQBK',	0,	'0',	''),
(62,	'GT73AF4IK6RGPLLJ',	0,	'0',	''),
(63,	'GT73AFDAK6RGQYXK',	0,	'0',	''),
(64,	'GT73AFEKK6RGRX7F',	0,	'0',	''),
(65,	'GT73AFFDK6RH020P',	0,	'0',	''),
(66,	'GT73AFOSK6RH5C6A',	0,	'0',	''),
(67,	'GT73AFOSK6RHGLGC',	800,	'0',	''),
(68,	'GT73AJS6K6RNWIHL',	0,	'0',	''),
(69,	'GT73AJS6K6RPQUEO',	0,	'0',	''),
(70,	'GT73AJS6K6RT0W1Q',	2640,	'0',	''),
(71,	'GT73AI0QK6UCJEHH',	0,	'0',	''),
(72,	'GT73ALLKK6W445IN',	0,	'0',	''),
(73,	'GT73ADXK715VSLP',	0,	'0',	''),
(74,	'GT73AD1GK72ZHRF4',	0,	'0',	''),
(75,	'GT73AD1GK72ZJH7Q',	0,	'0',	''),
(76,	'GT73AD1GK72ZK9HZ',	0,	'0',	''),
(77,	'GT73AD1GK72ZOXLX',	0,	'0',	''),
(78,	'GT73AD1GK72ZV2TT',	0,	'0',	''),
(79,	'GT73AD1GK7302VFH',	0,	'0',	''),
(80,	'GT73A40PK75ZU31A',	0,	'0',	''),
(81,	'GT73AJHCK778SY9L',	0,	'0',	''),
(82,	'GT73AJHCK778TODO',	0,	'0',	''),
(83,	'GT73A17SK77AAQ0B',	0,	'0',	''),
(84,	'GT73A17SK77AJ5DM',	0,	'0',	''),
(85,	'GT73A2UHK77DQV9F',	0,	'0',	''),
(86,	'GT73A2UHK77DUHDK',	0,	'0',	''),
(87,	'GT73A2UHK77ET767',	1354,	'0',	''),
(88,	'GT73AA96K78K31I9',	0,	'0',	''),
(89,	'GT73ACT6K7A43BO0',	0,	'0',	''),
(90,	'GT73AM0VK7OMPZZ0',	0,	'0',	''),
(91,	'GT73AF1LK7VFIV97',	0,	'0',	''),
(92,	'GT73AF1LK7VTNTQW',	0,	'0',	''),
(93,	'GT73ANFXK84J9951',	0,	'0',	''),
(94,	'GT73A318K870ZY9M',	0,	'0',	''),
(95,	'GT73A318K87AD73B',	0,	'0',	''),
(96,	'GT73A318K87S5X93',	0,	'0',	''),
(97,	'GT73AH84K8D0K0OC',	0,	'0',	''),
(98,	'GT73ABLLK8KN34DJ',	0,	'0',	''),
(99,	'GT73AFGDK8LS5OLH',	0,	'0',	''),
(100,	'GT73AHOUK8LVWL79',	0,	'0',	''),
(101,	'GT73AIRXK8MZBZVP',	0,	'0',	''),
(102,	'GT73AIRXK8N1OV3N',	0,	'0',	''),
(103,	'GT73AIRXK8N99UWP',	0,	'0',	''),
(104,	'GT73AMUBK8OIJ8KB',	0,	'0',	''),
(105,	'GT73AOBCK8P20SD3',	0,	'0',	''),
(106,	'GT73ADE5K8VC1CGM',	0,	'0',	''),
(107,	'GT73AKWAK8YS3WGA',	0,	'0',	''),
(108,	'GT73AN9ZK8ZKZ51C',	0,	'0',	''),
(109,	'GT73AN9ZK8ZZOOGG',	0,	'0',	''),
(110,	'GT73AJVAK900ZN5D',	0,	'0',	''),
(111,	'GT73AJVAK9033UAZ',	0,	'0',	''),
(112,	'GT73AATJK91FGG3L',	0,	'0',	''),
(113,	'GT73ABL9K91H1LMN',	0,	'0',	''),
(114,	'GT73AFZ5K93X35LK',	0,	'0',	''),
(115,	'GT73AHB3K94FE9BU',	0,	'0',	''),
(116,	'GT73AFZ5K94FNJFK',	0,	'0',	''),
(117,	'GT73AFZ5K94FUGY5',	0,	'0',	''),
(118,	'GT73AFZ5K94FZJTL',	0,	'0',	''),
(119,	'GT73AFZ5K94G4HN6',	0,	'0',	''),
(120,	'GT73A1UOK989BRQM',	0,	'0',	''),
(121,	'GT73A1UOK990F0GO',	0,	'0',	''),
(122,	'GT73A1UOK991IKMK',	0,	'0',	''),
(123,	'GT73AB5PK9CA0MR5',	0,	'0',	''),
(124,	'GT73AB5PK9CDIQ3S',	0,	'0',	''),
(125,	'GT73AB5PK9CIXNML',	0,	'0',	''),
(126,	'GT73AB5PK9CP8IJ5',	0,	'0',	''),
(127,	'GT73AB5PK9CQ35IH',	0,	'0',	'');

-- 2020-04-23 14:58:14
